%AS 1 ,%AS 2,%AS 3,%AS 4,%AS 5,%AS 6,%AS 7,%AS 8,%AS 9,%AS 10,%AS 11,%AS 12,%AS 13,%AS 14,%AS 15,%AS 16,%AS 17,%AS 18,%AS 19,%AS 20,%AS 21,%AS 22,%AS 23,%AS 24,%AS 25,%AS 26,%AS 27,%AS 28,%AS 29,%AS 30,%AS 31,%AS 32,%AS 33,%AS 34,%AS 36,%AS 38,%AS 39,%AS 40,%AS 41,%AS 42,%AS 43,%AS 44,%AS 45,%AS 46,%AS 47,%AS 48,%AS 49,%AS 50,%AS 51,%AS 52,%AS 53,%AS 56,%AS 57,%AS 58,%AS 59,%AS 60,%AS 61,%AS 62,%AS 63,%AS 64,%AS 65,%AS 66,%AS 67,%AS 68,%AS 69,%AS 70,%AS 71,%AS 72,%AS 73,%AS 74,%AS 75,%AS 76,%AS 77,%AS 78,%AS 79,%AS 80,%AS 81,%AS 82,%AS 83,%AS 84,%AS 85,%AS 86,%AS 87,%AS 88,%AS 89,%AS 90,%AS 91,%AS 92,%AS 93,%AS 94,%AS 95,%AS 96,%AS 97,%AS 98,%AS 99,%AS 100,%AS 101,%AS 102,%AS 103,%AS 104,%AS 105,%AS 106,%AS 107,%AS 108,%AS 109,%AS 110,%AS 111,%AS 112,%AS 113,%AS 114,%AS 115,%AS 116,%AS 117,%AS 118,%AS 119,%AS 120,%AS 121,%AS 122,%AS 123,%AS 124,%AS 125,%AS 126,%AS 127,%AS 128,%AS 129,%AS 130,%AS 131,%AS 132,%AS 133,%AS 134,%AS 135,%AS 136,%AS 137,%AS 138,%AS 139,%AS 140,%AS 141,%AS 142,%AS 143
62.86,79.84,75.19,80.26,80.74,80.46,80.88,78.47,72.0688,72.75813333,68.61366667,71.13206667,73.46686667,95.08726667,90.29653333,85.17133333,84.2168,83.0902,72.93026667,76.28893333,79.1998,78.60806667,72.9494,79.7498,75.80153333,75.28213333,76.53093333,74.7826,89.4022,84.13573333,89.06066667,85.5118,85.9136,83.51226667,99.14647619,87.07838095,89.35842857,91.78266667,63.76157143,65.30352381,69.13890476,78.0682381,80.9962381,66.18,96.16642857,80.72785714,71.04452381,78.25109524,77.80038095,78.13995238,62.66871429,72.45414286,83.3147619,73.697,85.61928571,91.49480952,86.48519048,68.84004762,71.56638095,66.6967619,70.86414286,70.87242857,67.60047619,78.73690476,62.278,71.3672381,68.00414286,87.88704762,72.85047619,93.26085714,72.1925,65.74,61.6425,61.17625,67.71625,64.48,78.5375,70.5925,74.825,75.51875,60.84375,56.16857143,71.10285714,60.53714286,54.19571429,76.39428571,63.72142857,68.71142857,60.08,71.81571429,84.34142857,55.11142857,76.88,78.69,70.722,79.392,72.918,87.954,65.95,67.13,63.47166667,53.77666667,53.03333333,76.75166667,58.915,91.31166667,98.07,78.63333333,63.49833333,58.28,77.23,35.255,58.715,50.92,64.22,68.775,77.92833333,73.15666667,78.08666667,94.78833333,64.57,80.48166667,63.67166667,56.79333333,80.65,77.32833333,56.85,81.65333333,72.195,95.52,35.65166667,70.01,82.835,49.62166667,67.75166667,65.12333333,65.44333333,83.4,71.94833333
60.46,77.11,73.54,78.57,77.64,78.12,78.21,75.39,70.91266667,69.643,67.3126,69.84646667,72.6264,94.2664,89.2208,84.16686667,82.81293333,82.08313333,71.35,75.14073333,78.04886667,77.55853333,71.5302,78.59273333,74.97166667,74.8096,76.0962,74.33446667,88.84113333,83.21833333,88.7998,84.91353333,85.23993333,82.9508,96.529,84.66438095,87.62419048,90.2202381,61.36,62.79580952,67.17452381,75.41204762,78.72390476,63.39661905,93.995,78.44752381,68.32561905,75.42190476,75.24752381,76.163,59.47638095,69.81952381,80.96452381,71.73714286,83.49380952,82.31352381,84.74295238,67.21757143,69.35647619,65.17947619,69.59442857,70.054,66.7247619,77.91490476,61.10028571,70.57004762,67.07952381,84.49047619,68.22571429,90.56509524,68.72375,59.58,56.62125,55.66125,63.41,57.7475,73.1175,64.8625,71.4425,71.33875,51.4675,42.67142857,60.71857143,50.30142857,42.76857143,71.17142857,54.67571429,55.87142857,48.46,64.77571429,77.37,42.87714286,72.862,74.218,66.08,69.444,69.654,85.55,59.924,65.24166667,60.43666667,51.605,48.63666667,73.63,56.66833333,89.42166667,96.47333333,74.85166667,59.52166667,42.735,74.50333333,32.98666667,55.96,47.14666667,59.905,65.95333333,72.31,39.04166667,65.695,91.975,55.565,75.00166667,60.58833333,51.07166667,79.145,70.98833333,46.73166667,73.93833333,67.30833333,90.37333333,30.555,56.82,76.34166667,39.49833333,64.48333333,57.52166667,57.35666667,79.77,68.50333333
57.86,74.33,71.78,76.9,74.31,76.18,75.53,72.32,69.68246667,68.52066667,65.67926667,68.6364,71.91973333,93.5524,88.21573333,83.01526667,81.79566667,81.33553333,70.1046,73.90853333,76.7932,76.49206667,69.8614,77.48373333,73.65946667,70.90713333,75.68826667,73.88066667,88.28306667,82.7752,88.5356,84.21206667,84.70733333,82.48246667,93.88566667,75.01614286,86.10814286,88.663,59.10166667,59.91004762,65.1322381,72.63052381,76.61647619,60.587,91.93852381,75.85761905,65.78814286,72.71014286,72.51366667,74.19271429,56.5362381,67.5572381,77.96580952,69.91133333,81.27990476,78.5902381,82.73071429,65.60447619,66.70690476,63.66109524,68.4857619,69.34033333,65.98195238,77.044,59.89485714,69.74590476,65.9712381,81.33447619,63.5102381,87.93209524,63.57625,53.5675,50.9275,51.2425,58.89125,52.33375,66.29625,58.75375,66.6475,69.03625,45.80375,30.19142857,51.09571429,44.43,38.71571429,68.01285714,45.56571429,40.77,36.15714286,58.78,71.62142857,32.59,68.886,68.79,62.27,58.978,63.342,82.832,55.188,63.19666667,58.31166667,48.66166667,44.62,71.03333333,54.945,86.56,95.265,71.32166667,56.00833333,25.46166667,70.57,30.485,53.14,43.095,56.13333333,64.64333333,67.035,22.84,53.745,51.90333333,41.93333333,69.48666667,58.71333333,49.29833333,76.745,68.43166667,40.07666667,67.51,61.76,84.105,25.37333333,41.66,69.97666667,27.585,61.84166667,50.02166667,48.82833333,75.75666667,55.73
55.17,71.7,69.79,75.08,71.15,73.97,73.02,69.44,68.42033333,67.32106667,64.089,67.03653333,71.13253333,92.54493333,87.23566667,81.74086667,80.63353333,80.48713333,68.42353333,72.5924,75.58613333,75.50926667,68.20586667,76.23173333,72.41973333,70.354,75.258,73.44986667,87.90953333,82.34946667,88.34533333,83.74726667,84.201,81.87593333,91.40019048,72.80995238,84.12938095,86.98285714,56.91795238,57.39128571,63.15633333,69.99109524,74.60842857,57.81804762,89.81795238,73.423,63.4462381,69.9037619,69.88357143,72.10838095,53.43247619,65.19209524,75.1922381,68.06428571,79.08485714,74.80257143,80.73761905,64.12457143,65.06085714,62.03138095,66.62285714,68.62042857,65.13585714,76.24738095,58.45742857,68.90742857,64.93471429,78.51242857,58.78557143,84.6527619,57.28375,48.36875,46.05875,47.7575,54.32375,46.685,64.1425,52.09875,61.43625,64.41625,41.0175,22,41.93285714,37.89428571,32.73571429,59.14285714,38.89285714,36.03,29.43142857,53.56,65.78,22.77285714,63.556,62.754,58.206,53.438,46.218,76.58,52.07,60.87,55.82666667,46.335,41.52166667,69.19,53.05,84.09166667,93.12166667,67.32166667,52.27166667,12.76333333,67.75166667,28.07166667,49.05333333,39.16166667,49.47166667,62.45333333,62.295,13.39333333,25.81166667,45.54333333,31.62833333,62.60833333,56.085,44.865,74.17666667,63.56333333,33.79666667,62.86166667,55.39,75.155,20.185,28.15333333,64.92833333,15.49666667,59.52833333,42.12833333,40.79333333,64.33166667,52.68333333
52.36,68.93,67.77,73.27,68.02,72.15,70.29,66.56,67.18873333,66.0786,62.61166667,65.582,70.27133333,90.986,86.26086667,80.47773333,79.49646667,79.3786,66.75653333,71.33146667,74.26206667,74.45686667,66.67166667,75.0058,71.28013333,69.73906667,74.3824,72.97686667,89.81693333,87.22186667,81.85286667,88.02426667,83.31013333,81.16326667,89.00485714,70.74152381,82.20752381,85.05428571,54.4237619,54.79780952,61.22352381,67.27833333,72.2892381,55.08009524,87.77680952,71.1587619,61.04142857,67.0162381,67.26557143,70.186,49.71790476,63.13914286,72.52695238,66.01471429,77.20395238,70.97857143,79.01880952,62.65847619,63.50652381,60.40019048,65.34747619,67.79238095,64.18252381,75.39390476,57.06395238,68.05842857,64.0462381,74.67880952,53.93361905,81.85761905,52.72875,43.33625,40.95875,44.4025,49.3875,40.2475,61.56,44.99125,58.345,57.00375,34.8825,12.53142857,37.28714286,32.82571429,22.37571429,52.06,28.41428571,29.95571429,14.15571429,46.76571429,60.27,15.97142857,60.086,57.256,54.534,43.136,41.77,69.212,44.64,58.47166667,53.96166667,43.53166667,38.31833333,66.44333333,50.75833333,80.16,91.77833333,63.21,48.42666667,4.731666667,64.92833333,25.775,45.76333333,35.19333333,45.46833333,59.785,58.13333333,6.908333333,16.23,39.83166667,22.88166667,49.47166667,53.08666667,40.09666667,70.475,64.965,27.71833333,61.10166667,48.92,69.06333333,15.06333333,17.72833333,37.64,5.576666667,56.95,31.90833333,33.61333333,62.13,47.62
49.74,66.08,65.77,71.39,64.95,69.76,67.58,63.84,65.8682,64.89946667,60.98706667,64.07286667,69.4896,89.7722,85.2142,79.35846667,78.37933333,78.50113333,65.14046667,70.06853333,72.41606667,73.38333333,65.1614,73.64053333,70.1378,69.27333333,73.93646667,72.49706667,89.2342,86.66186667,81.22753333,87.69853333,82.80153333,80.45806667,86.42119048,68.56347619,80.26038095,83.125,52.02047619,52.14295238,59.31990476,64.63033333,69.97347619,52.42614286,85.58938095,68.74761905,58.47590476,64.24047619,64.63380952,68.05771429,46.18295238,60.86957143,69.62238095,63.96271429,75.29142857,67.43428571,77.15790476,60.91642857,61.55590476,58.68614286,63.52119048,67.01947619,63.25709524,74.28466667,55.76514286,67.25228571,63.05271429,71.48695238,48.99271429,78.62442857,48.1325,37.37375,37.125,40.88,46.76125,33.16,57.045,38.21125,55.22,54.90125,29.8425,10.09142857,31.69714286,29.65571429,12.76428571,45.73428571,19.54,22.47714286,8.437142857,41.16142857,49.75714286,13.16,57.476,51.122,50.898,33.066,41.74,62.844,41.78,56.22666667,50.97333333,40.01,36.13,64.59666667,47.87666667,67.375,90.205,53.81166667,44.03833333,0.953333333,60.38166667,23.705,42.08833333,31.28833333,38.94166667,56.925,53.76333333,1.775,8.07,35.93,17.74833333,45.455,49.57333333,32.83,64.74833333,61.295,22.85666667,55.39166667,39.93833333,63.18333333,9.503333333,9.755,29.38666667,0.286666667,54.565,25.945,25.52,59.59333333,44.64
47.27,63.25,63.78,69.49,61.63,67.36,64.96,61.01,64.60346667,63.839,59.53646667,62.73153333,68.4856,88.77893333,84.10573333,78.23806667,77.34293333,77.5454,63.51393333,68.8482,70.825,72.33833333,63.67266667,72.245,69.15366667,68.78286667,73.4486,72.03493333,88.73373333,86.2086,80.71,87.4216,82.1826,79.83233333,83.787,66.40795238,78.3367619,81.32,49.83,49.50271429,57.3937619,61.939,67.77642857,49.8282381,83.29357143,66.35552381,55.95838095,61.62142857,62.12009524,65.67404762,43.11738095,58.76809524,66.76104762,62.0322381,73.28738095,63.48104762,75.46780952,59.20347619,60.49757143,56.99957143,61.64661905,66.30866667,62.44790476,73.08090476,54.38071429,66.457,61.96733333,68.0952381,44.23004762,75.57257143,41.56,31.535,32.0625,37.275,43.18125,25.175,50.5525,33.42,51.71625,50.5925,25.43375,6.098571429,22.59428571,23.60714286,6.475714286,41.65571429,13.77,13.47571429,2.761428571,34.19,44.30714286,10.85857143,53.97,44.646,46.982,24.874,28.976,64.916,38.888,53.96166667,46.96333333,31.235,33.67666667,61.11333333,44.36666667,63.08166667,88.665,49.64,39.33833333,0,55.61833333,21.38333333,38.83,27.19833333,33.75833333,53.88666667,49.41166667,0,2.385,32.295,10.18833333,41.17666667,46.80333333,28.01333333,58.61,54.305,16.555,49.15833333,24.73166667,55.75833333,4.935,5.12,22.30666667,0,41.81833333,22.15166667,17.08333333,56.57333333,41.47833333
44.75,60.49,61.77,67.73,58.27,65.06,62.43,58.42,63.27446667,62.46133333,58.0852,61.68886667,67.86666667,87.90313333,83.08606667,77.262,76.27213333,76.38806667,61.83173333,67.59506667,69.59073333,71.21433333,62.2194,70.96326667,67.84433333,68.14786667,73.07046667,71.617,88.0826,85.6444,80.26113333,87.0938,81.77033333,79.28346667,81.31371429,64.5422381,76.34238095,79.52566667,47.44871429,46.96847619,55.47247619,59.1902381,65.36238095,47.30347619,80.86452381,63.70114286,53.50919048,58.84271429,59.47819048,63.52042857,40.02790476,56.15461905,64.04166667,60.08714286,71.33295238,59.68114286,73.51661905,57.59061905,58.54609524,55.2437619,60.01380952,65.58661905,61.61742857,71.94538095,53.01847619,65.58880952,60.9387619,63.65042857,39.58504762,72.69252381,34.89875,24.4525,26.24875,34.17375,38.25,19.8,45.16125,28.64875,48.75875,44.8125,17.6075,3.047142857,17.17857143,16.63714286,1.182857143,33.30428571,9.447142857,7.077142857,1.22,26.32428571,39.14142857,,50.178,28.072,42.65,21.07,25.324,63.658,35.494,51.34166667,43.30166667,28.78833333,31.66333333,57.27666667,40.69,59.105,87.135,45.28666667,34.87833333,0,51.22666667,19.53166667,36.30833333,23.225,27.81333333,50.54166667,45.48333333,0,0,27.97833333,3.821666667,37.01833333,43.625,24.385,54.79166667,49.29,12.245,42.855,19.01,49.05166667,3.103333333,1.813333333,16.43333333,0,38.40166667,17.285,9.173333333,52.45,37.98833333
42.2,57.49,59.87,65.93,55.15,63.02,59.67,55.8,61.951,61.21973333,56.6606,60.60073333,67.19166667,86.945,81.9766,76.02,75.2536,75.1168,60.1134,66.26233333,68.09266667,70.11126667,60.72613333,69.62293333,66.5736,67.63686667,72.62373333,71.13593333,87.308,85.08106667,79.64706667,86.73306667,81.2546,78.62533333,78.65261905,62.99180952,74.30009524,77.5792381,44.94761905,44.3527619,53.53661905,56.56538095,62.77257143,44.76252381,78.59633333,60.98809524,51.15290476,56.07509524,56.93004762,61.63657143,36.36442857,53.60447619,61.36614286,58.30380952,69.36485714,55.89247619,71.59671429,55.714,56.87833333,53.45085714,58.674,64.62814286,60.65914286,70.78214286,51.63071429,64.81638095,59.87504762,59.97995238,35.05009524,69.54095238,29.19,19.82,22.29125,30.3875,33.3625,16.5825,40.99375,24.0975,46.135,38.84625,11.275,0.958571429,17.13714286,11.71285714,,27.96571429,5.777142857,2.121428571,,21.85714286,33.83428571,,45.998,22.692,37.912,15.76,21.874,58.76,32.028,37.42833333,39.395,26.825,29.33666667,55.26666667,37.49,56.44666667,85.60833333,41.89166667,30.11666667,0,47.59666667,18.26333333,33.29666667,19.46,21.505,48.005,42.33833333,0,0,24.02333333,1.86,32.88166667,40.52,19.41,52.13166667,47.325,8.073333333,36.1,13.60666667,39.56,2.8,0.203333333,10.85333333,0,34.84,13.45833333,1.451666667,49.19666667,34.60666667
39.76,54.91,57.92,64.08,51.98,60.61,57.07,53.08,60.60706667,59.9938,55.13453333,59.29613333,66.07666667,85.82993333,80.81813333,74.87593333,74.1924,74.229,58.5118,64.92546667,66.64126667,69.00586667,59.20073333,68.3344,65.40186667,67.1104,72.14626667,70.7972,86.5344,84.42926667,79.14126667,86.33453333,80.5474,77.92846667,76.31909524,61.33319048,72.32904762,75.71961905,42.61814286,41.86966667,51.63604762,54.044,60.296,42.35538095,76.20857143,58.41395238,48.65152381,53.34028571,54.42242857,59.617,32.71685714,51.18495238,58.38514286,56.30519048,67.53652381,52.32880952,69.82657143,53.86271429,55.28314286,51.6527619,54.65380952,63.72461905,59.70614286,69.61947619,50.36971429,63.87380952,58.84280952,56.68580952,30.59790476,66.77014286,24.2825,15.8225,19.54625,25.6525,30.0475,13.9075,39.09,20.2225,43.005,35.71125,9.33125,,13.41428571,9.227142857,,24.35714286,3.057142857,,,18.79714286,31.04857143,,41.58,19.196,33.346,11.786,18.848,51.024,30.675,34.635,34.31166667,25.07,26.135,52.9,34.55833333,55.43333333,84.06,38.35833333,24.80333333,,43.77666667,17.28333333,30.235,16.04333333,15.35166667,42.24,39.82666667,,0,20.39833333,1.638333333,28.79,36.995,15.28833333,49.66833333,44.895,6.676666667,30.705,7.795,23.83333333,2.683333333,0,5.956666667,,31.41166667,11.31166667,0,46.59333333,31.32833333
37.31,51.94,56.04,62.12,49.1,58.46,54.41,50.63,59.24846667,58.69433333,53.86026667,58.02653333,65.09526667,84.73306667,79.8384,73.7624,73.21266667,73.30326667,56.9658,63.84593333,65.24413333,67.87726667,57.75946667,67.0726,64.61806667,66.47393333,71.74153333,70.39973333,85.77773333,83.91186667,78.61453333,85.92946667,80.01173333,77.24153333,73.88180952,59.70952381,70.44647619,73.83285714,40.53628571,39.35371429,49.77457143,51.48695238,57.98219048,40.02866667,73.97971429,55.9602381,46.1902381,50.78671429,51.91957143,57.60504762,29.60852381,48.84109524,55.37814286,54.45780952,65.53333333,48.73080952,68.05757143,52.00371429,53.41328571,49.92952381,52.88019048,62.92142857,58.88052381,68.43428571,49.12133333,63.04561905,57.84357143,53.5567619,26.34509524,63.71590476,19.80125,11.74125,16.79875,21.3025,25.40125,11.81,36.32125,16.545,39.1675,32.38,6.33875,,10.15142857,8.518571429,,19.47714286,,,,15.41,29.20142857,,38.06,16.1,29.454,8.944,16.18,45.826,,31.99,27.97166667,22.53666667,23.02666667,50.32,32.22833333,51.10833333,82.715,34.68833333,19.60333333,,39.89333333,16.37666667,26.875,12.70666667,10.54166667,39.01666667,34.34833333,,,16.23833333,1.373333333,24.47833333,32.61333333,12.05,46.895,39.315,5.51,25.19833333,3.115,14.56166667,2.613333333,0,1.785,,27.53833333,8.766666667,0,33.73666667,28.05
34.78,49.08,54.15,60.34,46,56.07,51.87,48.15,57.82426667,57.69746667,52.38033333,56.82286667,64.1832,83.6076,78.66266667,72.72866667,72.25373333,72.25626667,55.33833333,62.88033333,63.80046667,66.70293333,56.43606667,65.78226667,63.669,65.74706667,71.39533333,69.98913333,85.13933333,83.35973333,77.99226667,85.65026667,79.56853333,76.5912,71.67633333,58.08933333,68.538,71.94866667,38.45804762,36.93842857,47.81580952,48.94257143,55.64852381,37.6492381,71.48547619,53.25547619,43.83514286,48.33133333,49.45009524,55.52047619,26.58695238,47.05819048,52.71409524,52.67061905,63.38028571,45.05157143,65.977,50.31090476,51.7002381,48.17895238,51.30052381,62.12919048,58.00542857,67.538,47.72795238,62.16790476,56.81747619,50.05385714,22.29452381,60.69904762,16.76125,9.52625,12.205,17.58,19.85625,9.9525,33.9675,12.77875,37.1975,28.665,3.805,,6.132857143,6.094285714,,14.71857143,,,,12.4,24.47571429,,35.26,13.084,25.808,8.076,14.19,43.436,,29.01333333,21.73166667,20.57833333,19.84833333,48.29833333,29.41,49.47333333,81.29166667,31.15333333,15.655,,36.22166667,14.86,24.72333333,9.493333333,7.311666667,36.62666667,31.655,,,11.95666667,1.308333333,20.16333333,27.86666667,10.13666667,44.515,34.825,4.62,21.16833333,2.54,6.378333333,,,0.068333333,,23.63333333,5.186666667,0,28.98333333,24.21666667
32.26,46.23,52.28,58.39,42.79,53.75,49.35,45.48,56.42846667,56.49666667,50.7544,55.581,63.50746667,82.63813333,77.36426667,71.75486667,71.3144,71.5252,53.8394,61.83026667,62.30153333,65.599,55.013,64.50946667,62.48086667,65.08726667,71.02206667,69.59833333,84.405,82.75706667,77.47546667,85.30133333,79.0556,75.87533333,69.37295238,56.56904762,66.3762381,69.75066667,36.19490476,34.737,45.95214286,46.6987619,53.10747619,35.28233333,69.23242857,50.59419048,41.25185714,45.88361905,46.92785714,53.3722381,23.33971429,44.94957143,49.96304762,50.745,61.35790476,41.56828571,63.78709524,48.69995238,49.95547619,46.47395238,49.87009524,61.19819048,56.97861905,66.49766667,46.44928571,61.12909524,55.79809524,46.04790476,18.35919048,57.88652381,15.35125,6.92125,8.26625,14.755,15.31625,8.31875,29.955,9.68625,34.30625,25.485,1.6025,,,,,9.485714286,,,,9.9,20.01285714,,32.542,10.208,21.734,5.128,12.406,40.968,,26.33,18.82833333,18.53333333,17.25166667,45.57666667,27.065,47.11666667,79.33666667,28.40666667,11.97333333,,32.415,13.605,23.27166667,6.655,3.93,33.795,28.88,,,7.35,1.241666667,15.31,23.29666667,8.681666667,42.59666667,30.59666667,4.416666667,15.99333333,,2.775,,,0,,20.21,2.106666667,,25.09333333,20.85666667
29.74,43.49,50.42,56.4,39.59,51.59,46.87,43.04,55.10633333,55.33366667,49.28406667,54.4078,62.77486667,81.72566667,76.43313333,70.85646667,70.40446667,70.5754,52.34566667,60.78766667,60.97113333,64.4018,53.68666667,63.2428,61.1308,64.5956,70.6284,69.21593333,83.53026667,82.1168,76.94906667,84.8336,78.48993333,75.22753333,67.13533333,54.87342857,64.43561905,67.81214286,34.01166667,32.5412381,44.18757143,44.64219048,50.69457143,33.079,67.01166667,47.79766667,38.43004762,43.41271429,44.47666667,51.31080952,20.2822381,42.11871429,47.30166667,48.90495238,59.21385714,38.137,61.59352381,46.92714286,48.41842857,44.72114286,48.43080952,60.35142857,56.07319048,65.22361905,45.16119048,60.16480952,54.69190476,42.64014286,14.55628571,54.89090476,13.4425,3.77,5.37,12.205,11.41625,6.56625,27.84125,7.5925,31.71875,21.7075,0.14,,,,,7.054285714,,,,,16.09428571,,29.158,7.212,16.674,2.004,10.464,38.786,,23.56666667,17.49166667,16.55,14,43.905,24.215,42.93,74.66666667,24.9,7.666666667,,28.83833333,12.52,20.02,3.98,1.47,30.98166667,26.315,,,3.576666667,,10.79666667,18.07333333,7.298333333,39.825,24.715,4.326666667,10.315,,2.675,,,0,,16.77333333,0.133333333,,21.79666667,17.715
27.29,40.71,48.56,54.48,36.44,49.38,44.37,40.77,53.87393333,54.14166667,47.92406667,53.23413333,61.92053333,80.63046667,75.4706,69.72046667,69.468,69.43993333,50.98273333,59.70386667,59.52706667,63.28573333,52.37913333,61.9964,59.80946667,63.96406667,70.2408,68.781,82.62846667,81.63373333,76.40553333,84.42806667,77.91266667,74.57853333,64.98804762,53.13938095,62.55738095,65.935,31.99404762,30.43328571,42.45180952,42.39490476,48.44080952,30.93333333,64.75833333,45.07328571,35.67809524,40.90871429,42.10419048,49.38704762,17.34780952,40.21204762,44.36433333,47.12014286,57.23214286,34.86919048,59.68638095,45.24995238,47.03485714,43.00452381,46.8247619,59.51914286,55.15790476,64.19633333,43.77504762,59.163,53.61195238,39.46390476,10.87963333,51.88890476,9.9725,2.6675,1.89875,9.2075,7.72,3.755,23.41625,5.86125,28.8325,15.94875,,,,,,3.922857143,,,,,13.40857143,,27.656,5.208,11.394,0.22,7.962,37.58,,20.33666667,15.05666667,14.19166667,11.39333333,40.8,21.00833333,39.53166667,73.07166667,21.80166667,3.728333333,,24.96,11.50666667,16.91333333,1.3,0.066666667,28.83166667,23.63,,,2.448333333,,5.811666667,3.656666667,5.988333333,34.97166667,23.20166667,4.193333333,6.298333333,,2.65,,,0,,13.27666667,0,,17.90833333,14.575
25.02,38.02,46.71,52.55,33.3,46.9,41.97,38.42,52.547,53.10593333,46.48353333,51.74086667,61.17033333,79.1418,74.6742,68.67226667,68.5416,68.46653333,49.37993333,58.5378,58.19886667,62.1458,51.1802,60.75953333,58.87573333,63.44873333,69.92426667,68.3448,81.8068,81.0326,75.98433333,83.97833333,77.47833333,73.8018,62.92890476,51.35438095,60.68047619,64.019,30.16557143,28.34190476,40.66466667,40.1447619,46.22357143,28.81519048,62.48242857,42.46409524,33.05685714,38.42814286,39.78042857,47.36947619,14.26066667,38.2902381,41.53595238,45.31614286,55.06866667,31.62542857,57.95104762,43.58980952,45.36604762,41.295,45.23957143,58.70661905,54.15147619,63.086,42.41833333,58.15385714,52.61614286,36.70985714,7.374447619,49.08119048,6.2675,0.435,,6.07375,3.105,,19.41625,4.47,25.38875,12.6175,,,,,,1.621428571,,,,,11.10571429,,25.896,5.042,6.628,,5.48,34.518,,17.73666667,10.94666667,12.13,9.633333333,37.79166667,17.68666667,36.28666667,71.545,18.86833333,0.925,,20.57,10.40333333,15.41666667,0,,25.93833333,21.1,,,0.981666667,,0.748333333,3.403333333,5.388333333,30.70833333,20.30833333,4.128333333,4.985,,,,,,,9.968333333,0,,14.64666667,5.653333333
22.68,35.38,44.89,50.56,30.25,44.11,39.63,36.26,51.18253333,52.05273333,45.10833333,50.5564,59.4166,77.7366,73.55666667,67.645,67.63773333,67.56553333,48.0126,57.36446667,56.84526667,61.11226667,49.8008,59.54113333,58.0236,62.82966667,69.54913333,67.89093333,81.00066667,80.41273333,75.35853333,83.52913333,76.92386667,73.18,60.91204762,49.60914286,59.00342857,62.03480952,28.13133333,26.50109524,38.95938095,38.28804762,43.8542381,26.72328571,59.86252381,39.88133333,30.50733333,36.09652381,37.44666667,45.44685714,11.47542857,36.33019048,38.83180952,43.57871429,53.03557143,28.41604762,55.69552381,42.06580952,43.70671429,39.62642857,43.85952381,57.72661905,53.10252381,61.79042857,41.09309524,57.01957143,51.52657143,33.83752381,4.168028571,46.19738095,4.1025,,,3.4025,2.3525,,15.96375,2.7725,23.43125,9.89875,,,,,,,,,,,9.981428571,,23.94,3.27,2.72,,3.144,32.136,,15.61,5.67,10.60666667,7.951666667,34.855,15.32166667,34.585,70.32166667,16.23,0,,16.72166667,9.023333333,14.215,0,,22.61833333,16.67,,,0.546666667,,0,2.81,5.301666667,28.165,17.725,4.128333333,4.885,,,,,,,7.166666667,0,,11.46,2.038333333
20.41,32.85,43.14,48.42,27.23,42.15,37.33,34.25,49.92133333,51.00726667,43.8252,49.47886667,58.03266667,76.54253333,72.64326667,66.60893333,66.66573333,66.7102,46.758,56.265,55.65226667,60.10226667,48.43726667,58.30053333,56.97986667,62.19593333,69.17506667,67.45206667,80.32213333,79.79126667,74.7998,83.15993333,76.10386667,72.48093333,58.92090476,47.7642381,57.3722381,60.03733333,26.12652381,24.686,37.59685714,36.50757143,41.55009524,24.65871429,57.31747619,37.28414286,27.97357143,33.90590476,35.17328571,43.66604762,9.005152381,34.47857143,36.02595238,41.6482381,51.113,25.3717619,53.68628571,40.40547619,42.18490476,37.98166667,42.2002381,56.82752381,52.15485714,60.67109524,39.77319048,55.97304762,50.41980952,30.91452381,1.74164619,43.21095238,,,,1.3575,0.4525,,13.81875,0.955,21.07875,8.55125,,,,,,,,,,,,,21.068,1.894,0.274,,1.25,30.956,,13.56666667,1.905,9.088333333,6.561666667,31.82333333,13.06333333,32.31333333,69.10666667,13.50166667,0,,13.17333333,7.508333333,13.065,0,,19.91166667,14.6,,,0.203333333,,,,5.366666667,26.47,15.26333333,,4.835,,,,,,,4.405,,,7.72,0.046666667
18.27,30.32,41.48,46.34,24.35,40.07,35.04,32.02,48.7074,50.13606667,42.64533333,48.49233333,57.10593333,75.42413333,71.59006667,65.5164,65.7398,65.83366667,45.35993333,55.22486667,54.53006667,59.1466,46.98646667,57.3216,55.89653333,61.49453333,68.73986667,67.07946667,79.64286667,79.16373333,74.18713333,82.81046667,75.75326667,71.75486667,56.995,45.96366667,55.65828571,58.19980952,24.23152381,22.96138095,36.09533333,34.60866667,39.47161905,22.68838095,54.76595238,34.773,25.43914286,31.68685714,32.99142857,41.91880952,6.708247619,32.27166667,33.00052381,39.77114286,49.2152381,22.41647619,51.89328571,38.85452381,40.87428571,36.30604762,40.56109524,55.97604762,51.20661905,59.66071429,38.34357143,54.989,49.28395238,28.13685714,0.506460476,40.35957143,,,,,,,9.68875,,19.125,5.21125,,,,,,,,,,,,,18.878,0.274,,,,30.092,,11.84666667,0,7.455,5.126666667,29.16833333,11.06666667,30.905,67.81166667,10.585,0,,9.683333333,5.838333333,11.87166667,,,17.01666667,12.31333333,,,0.115,,,,5.431666667,24.40333333,11.57833333,,,,,,,,,1.773333333,,,3.278333333,
16.12,27.92,40.03,44.37,21.6,37.95,32.94,30.09,47.4836,49.32066667,41.2148,47.31,56.15786667,74.49033333,70.49113333,64.3804,64.79733333,64.63653333,43.92386667,54.12033333,53.44846667,58.25346667,45.6892,56.38893333,54.95826667,60.89506667,68.30793333,66.73506667,78.7726,78.52606667,73.58473333,82.3482,75.24046667,71.21173333,55.12442857,44.24266667,53.97319048,56.41033333,22.41733333,21.37957143,34.49119048,32.70419048,37.4337619,20.75133333,52.31561905,32.43147619,23.174,29.56404762,30.88866667,40.15857143,4.542628571,29.83685714,30.04328571,37.98047619,47.33909524,19.65814286,50.08519048,37.35652381,39.25080952,34.69204762,39.14728571,55.16885714,50.16028571,58.63209524,36.99528571,54.0762381,48.22785714,25.36219048,0.15338,37.51233333,,,,,,,7.43375,,16.9225,1.9675,,,,,,,,,,,,,17.53,,,,,28.514,,9.728333333,0,5.925,3.84,27.37666667,9.128333333,29.2,66.33,7.915,,,6.108333333,4.151666667,10.535,,,14.07333333,10.01833333,,,0.07,,,,,22.04,9.063333333,,,,,,,,,0.066666667,,,0.358,
13.98,25.56,38.27,42.54,18.89,35.58,30.77,27.67,46.2554,48.22853333,39.82433333,46.02313333,55.1854,73.7258,69.3416,63.20553333,63.0146,63.66753333,42.44293333,53.03406667,52.2434,57.22913333,44.42746667,55.3164,53.7594,60.28746667,67.91353333,66.30566667,77.93633333,77.92273333,73.09693333,81.86926667,74.58906667,70.5492,53.478,42.71104762,52.22185714,54.352,20.72585714,19.89404762,32.9867619,31.09161905,35.28109524,18.83190476,49.87228571,30.12909524,20.83390476,27.60495238,28.82547619,38.34690476,2.564561905,27.78957143,27.11552381,36.05442857,45.40880952,16.92419048,48.2237619,35.93909524,37.74714286,33.115,37.73019048,54.24266667,49.05066667,57.32233333,35.634,53.15471429,47.16052381,22.61766667,0.129968095,34.629,,,,,,,5.15625,,14.21625,0.3125,,,,,,,,,,,,,15.73,,,,,25.946,,7.481666667,0,4.376666667,3.256666667,25.22333333,6.203333333,26.93166667,64.85166667,6.005,,,2.721666667,2.77,9.373333333,,,11.97,8.051666667,,,0.023333333,,,,,19.765,7.155,,,,,,,,,0,,,,
11.99,23.36,36.57,40.64,16.31,33.21,28.59,25.52,45.1068,47.18833333,38.7068,44.8384,54.27006667,72.78533333,68.36913333,62.08906667,61.56753333,62.77446667,41.1256,51.94086667,51.00486667,56.2586,43.172,54.14773333,52.6972,59.675,67.47366667,65.78213333,77.12346667,77.32146667,72.65166667,81.41386667,74.02226667,69.91166667,52.01190476,41.27971429,50.50447619,52.47738095,19.18771429,18.47690476,31.63757143,29.51147619,33.13795238,16.99,47.36242857,27.68442857,18.54085714,25.75185714,26.75557143,36.72957143,0.880228571,26.14252381,24.15957143,34.38342857,43.44771429,14.31247619,46.32857143,34.39557143,36.30804762,31.4692381,35.98371429,53.39304762,48.06795238,56.0197619,34.32428571,52.25909524,46.00604762,20.10233333,,31.76438095,,,,,,,3.35,,11.8275,,,,,,,,,,,,,,13.934,,,,,23.086,,6.466666667,,2.836666667,3.816666667,22.22333333,3.17,24.01333333,63.35166667,4.818333333,,,,1.853333333,8.165,,,9.633333333,5.468333333,,,,,,,,17.73333333,6.068333333,,,,,,,,,0,,,,
10.04,21.23,34.84,38.84,13.89,31.31,26.36,23.44,43.84173333,46.11053333,37.38186667,43.68853333,53.11573333,71.79373333,67.40073333,61.02773333,60.49573333,61.9546,39.74026667,50.71306667,49.67053333,55.21386667,41.8148,52.93446667,51.70146667,58.97173333,66.97613333,65.47106667,76.38893333,76.90146667,72.071,80.97386667,73.4358,69.18173333,50.59857143,39.86214286,48.92619048,50.7047619,17.64252381,17.19080952,30.32314286,27.98138095,31.20490476,15.22057143,44.76752381,25.45071429,16.4307619,23.97390476,24.78638095,35.19604762,0,24.49390476,21.28895238,32.58514286,41.50280952,11.78480952,44.354,32.81619048,35.03309524,29.90233333,34.30409524,52.594,47.151,54.86461905,32.98842857,51.30009524,44.89590476,17.60019048,,28.96661905,,,,,,,,,10.702,,,,,,,,,,,,,,12.322,,,,,19.826,,5.596666667,,1.461666667,4.353333333,18.73833333,0.668333333,21.30833333,61.64166667,4.438333333,,,,1.301666667,6.89,,,7.711666667,5.848333333,,,,,,,,14.00833333,5.171666667,,,,,,,,,0,,,,
8.23,19.31,33.21,37.01,11.54,29.14,24.07,21.46,42.48986667,45.0114,36.18646667,42.4404,52.3166,70.789,66.30053333,59.99313333,59.6326,61.12513333,38.50913333,49.4958,48.43386667,54.21706667,40.52166667,51.79866667,50.6722,58.3298,66.51346667,65.14253333,75.7088,76.4236,71.51666667,80.56266667,72.87193333,68.52326667,49.33409524,38.3717619,47.37661905,48.88228571,15.99814286,15.91942857,28.96466667,26.382,29.38557143,13.51290476,42.35295238,23.3637619,14.42871429,22.25480952,22.91428571,33.59185714,0,22.72042857,18.52638095,30.57104762,39.66771429,9.415161905,42.25942857,31.27052381,33.49819048,28.33638095,32.79838095,51.80938095,46.086,53.68319048,31.67752381,50.33147619,43.86295238,14.65780952,,26.11195238,,,,,,,,,,,,,,,,,,,,,,,,,,,,16.624,,3.326666667,,0.28,,15.51666667,0,19.23,59.85833333,4.326666667,,,,1.051666667,5.571666667,,,6.05,5.781666667,,,,,,,,10.83833333,7.198333333,,,,,,,,,,,,,
6.45,17.4,31.59,35.12,9.34,27.18,21.72,19.39,41.2834,44.0232,34.77486667,41.30146667,51.66473333,69.7674,65.34386667,58.99406667,58.6748,60.18566667,37.1824,48.44686667,47.29553333,53.37266667,39.3698,50.731,49.8628,57.63546667,65.9688,64.7822,75.0972,75.90253333,70.92326667,80.24433333,72.42173333,67.80993333,47.81633333,37.32695238,45.90609524,46.94242857,14.3722381,14.69828571,27.71528571,24.72985714,27.46880952,11.87195238,39.96080952,21.28885714,12.73104762,20.72247619,21.03138095,31.97909524,,20.82833333,15.98895238,28.88185714,37.7837619,7.234028571,40.14957143,29.78066667,31.90471429,26.84042857,31.41080952,50.92161905,45.033,52.26980952,30.34728571,49.25342857,42.81271429,11.34471429,,23.34242857,,,,,,,,,,,,,,,,,,,,,,,,,,,,14.468,,2.86,,0,,12.77166667,0,17.84166667,58.10666667,4.325,,,,0.866666667,4.003333333,,,5.49,5.668333333,,,,,,,,8.9,5.171666667,,,,,,,,,,,,,
4.73,15.58,30.06,33.35,7.34,25.22,19.4,17.39,40.0994,42.932,33.58526667,40.1804,50.8698,68.65393333,64.36593333,57.92953333,57.67446667,59.3004,35.895,47.3616,45.94366667,52.444,38.1724,49.76313333,48.62086667,56.94686667,65.59973333,64.3546,74.41773333,75.30506667,70.44586667,79.77953333,71.91906667,67.21426667,46.27261905,36.15847619,44.51328571,45.04447619,12.90280952,13.52071429,26.61052381,23.31719048,25.53157143,10.2816381,37.56195238,19.18995238,11.40985714,19.27038095,19.2042381,30.53461905,,18.93690476,13.62961905,27.23195238,35.84590476,5.206133333,38.30095238,28.35447619,30.44957143,25.40614286,30.19057143,50.13228571,44.07438095,50.97314286,29.01,48.20861905,41.79142857,8.258038095,,20.62814286,,,,,,,,,,,,,,,,,,,,,,,,,,,,12.708,,2.976666667,,,,9.893333333,0,17.25833333,56.42,,,,,0.89,2.79,,,5.401666667,5.646666667,,,,,,,,7.335,6.913333333,,,,,,,,,,,,,
3.13,13.84,28.5,31.62,5.42,23.35,17.08,15.26,38.78833333,41.89766667,32.23226667,39.00993333,49.53013333,67.351,63.36166667,56.8916,56.6722,58.55106667,34.5932,46.27293333,44.56926667,51.44266667,36.86593333,48.77226667,47.2508,56.34773333,65.208,63.94993333,73.62013333,74.8288,69.9356,79.30893333,71.41,66.6032,44.94966667,34.65685714,42.98261905,43.32047619,11.50409524,12.42519048,25.48685714,22.13561905,23.6757619,8.743190476,35.08561905,17.2537619,10.02040952,17.83857143,17.42928571,29.136,,17.3117619,11.51180952,25.5507619,33.98290476,3.417057143,36.32066667,26.85604762,29.01052381,23.91885714,28.87161905,49.3807619,43.16347619,49.79080952,27.66371429,47.27571429,40.95480952,5.37547619,,17.91047619,,,,,,,,,,,,,,,,,,,,,,,,,,,,10.956,,3.07,,,,6.878333333,,17.21,54.60666667,,,,,,2.393333333,,,5.4,,,,,,,,,5.595,5.776666667,,,,,,,,,,,,,
1.65,12.16,27.16,29.83,3.95,21.43,14.76,13.28,37.4846,40.73953333,31.19586667,37.82526667,48.55633333,66.14286667,62.26906667,55.8574,55.83753333,57.55693333,33.3348,45.166,43.3188,50.42226667,35.6932,47.76566667,46.15453333,55.76313333,64.74893333,63.46813333,72.68613333,74.27653333,69.289,78.84973333,70.83466667,65.937,43.58838095,33.06728571,41.50366667,41.56752381,10.05552381,11.39209524,24.339,20.89109524,21.89504762,7.286790476,32.76666667,15.42242857,8.578152381,16.39157143,15.73261905,27.69452381,,15.76890476,9.431457143,23.92366667,32.19166667,1.975533333,34.2257619,25.32928571,27.66528571,22.49228571,27.40038095,48.56571429,42.17,48.6007619,26.34338095,46.32880952,40.16661905,2.431273333,,15.34819048,,,,,,,,,,,,,,,,,,,,,,,,,,,,8.75,,,,,,4.681666667,,17.35666667,53.14333333,,,,,,1.506666667,,,,,,,,,,,,4.646666667,6.86,,,,,,,,,,,,,
0.53,10.53,25.83,28.16,2.78,19.59,12.65,11.32,36.19393333,39.7784,30.10326667,36.45173333,47.9592,64.95926667,61.1892,54.81173333,54.90966667,56.4828,32.0736,44.0426,42.2152,49.5082,34.509,46.77433333,45.3832,55.13786667,64.27246667,62.97373333,71.89766667,73.68713333,68.74733333,78.38953333,70.21446667,65.2844,42.27219048,31.46752381,40.21828571,39.72947619,8.611466667,10.38800952,23.22866667,19.54433333,20.17071429,5.912742857,30.50247619,13.62009524,7.195333333,15.00252381,14.05928571,26.23085714,,14.12247619,7.397961905,22.04638095,30.33247619,0.729971429,32.34371429,23.89133333,26.27409524,21.20028571,26.0967619,47.701,41.1257619,47.24557143,25.06761905,45.36104762,39.19628571,0,,12.795,,,,,,,,,,,,,,,,,,,,,,,,,,,,6.828,,,,,,2.106666667,,,52.03166667,,,,,,0.371666667,,,,,,,,,,,,4.355,6.863333333,,,,,,,,,,,,,
0,9.08,24.6,26.52,1.86,17.88,10.47,9.5,34.9774,38.75993333,28.9126,35.1474,47.0878,63.92273333,60.20253333,53.7926,52.7946,55.74786667,30.8612,42.85713333,40.9972,48.56453333,33.29993333,45.74053333,44.07773333,54.496,63.88626667,62.57246667,71.24626667,73.26046667,68.29446667,78.04866667,69.61166667,64.57213333,40.9637619,29.96395238,38.90028571,37.90909524,7.245590476,9.428619048,22.22219048,18.46019048,18.45452381,4.614038095,28.31390476,11.81690476,5.954580952,13.68647619,12.43133333,24.91304762,,12.65519048,5.377838095,20.23071429,28.54833333,0,30.32266667,22.53695238,24.8702381,19.91690476,24.97785714,46.92690476,40.2037619,46.09038095,23.80042857,44.43852381,38.27142857,,,10.39339524,,,,,,,,,,,,,,,,,,,,,,,,,,,,4.994,,,,,,0.588333333,,,50.58,,,,,,0.14,,,,,,,,,,,,4.265,6.595,,,,,,,,,,,,,
,7.75,23.36,24.9,,16.23,8.44,7.77,33.91453333,37.79393333,27.75313333,34.1592,46.18313333,62.75346667,59.13426667,52.85533333,51.5552,54.98853333,29.66206667,41.7396,39.8172,47.5386,32.1238,44.5686,42.92046667,53.7956,63.44886667,62.20393333,70.6484,72.90733333,67.61353333,77.65353333,69.0394,63.8272,39.70533333,28.47842857,37.64304762,36.1372381,5.971714286,8.526838095,21.2812381,17.49257143,16.71990476,3.431495238,26.08614286,10.16734286,4.777219048,12.39947619,10.86204762,23.67385714,,11.4822381,3.34547619,18.57685714,26.83985714,,28.27919048,21.21404762,23.50461905,18.66004762,23.80538095,46.19409524,39.299,44.99952381,22.51,43.6322381,37.54214286,,,8.098314286,,,,,,,,,,,,,,,,,,,,,,,,,,,,3.356,,,,,,,,,48.92333333,,,,,,0.093333333,,,,,,,,,,,,4.106666667,6.613333333,,,,,,,,,,,,,
,6.52,22.15,23.24,,14.68,6.44,6.21,32.8748,36.82606667,26.3298,33.10106667,45.3758,61.6648,58.1226,51.85866667,50.61233333,54.33506667,28.447,40.68286667,38.5402,46.53673333,30.99613333,43.59773333,41.85613333,53.07473333,62.94153333,61.80753333,69.94753333,72.33646667,67.00253333,77.15653333,68.54813333,63.16433333,38.499,27.36847619,36.38338095,34.49385714,4.75827619,7.644133333,20.29652381,16.55419048,15.10104762,2.416390476,23.97490476,8.579314286,3.770095238,11.10966667,9.331342857,22.32561905,,10.34534286,1.455695238,16.91414286,25.06866667,,26.29190476,19.86214286,22.29704762,17.442,22.46814286,45.34719048,38.27766667,43.80852381,21.26190476,42.7437619,36.90233333,,,5.965890476,,,,,,,,,,,,,,,,,,,,,,,,,,,,1.808,,,,,,,,,47.53166667,,,,,,0,,,,,,,,,,,,,,,,,,,,,,,,,,
,5.41,20.94,21.74,,13.03,4.57,4.76,31.71973333,35.81306667,25.1916,32.02086667,44.4894,60.70233333,57.1846,50.83973333,49.72813333,53.541,27.2942,39.701,37.37113333,45.53393333,29.9498,42.65373333,40.81246667,52.44693333,62.47073333,61.42146667,69.16313333,71.8818,66.41293333,76.74846667,67.97506667,62.51146667,37.1297619,26.18285714,35.10328571,32.90095238,3.562238095,6.778980952,19.27595238,15.58590476,13.51509524,1.54992381,21.96757143,7.034761905,2.83127619,9.900380952,7.847333333,21.01714286,,9.3162,0,15.24219048,23.28152381,,24.33895238,18.56604762,21.09409524,16.28338095,21.05195238,44.5407619,37.32609524,42.45519048,20.03704762,41.78247619,36.06290476,,,4.007828571,,,,,,,,,,,,,,,,,,,,,,,,,,,,0.396,,,,,,,,,46.22666667,,,,,,,,,,,,,,,,,,,,,,,,,,,,,,,,
,4.49,19.77,20.23,,11.53,2.76,3.39,30.58226667,34.79793333,24.04786667,31.10606667,43.50893333,59.5696,56.11673333,49.85373333,49.14686667,52.68993333,26.15213333,38.65506667,36.19146667,44.6146,28.929,41.63846667,39.71293333,51.9616,62.13166667,60.9538,68.44253333,71.3994,65.93693333,76.29533333,67.39826667,61.94886667,36.112,25.46980952,33.81904762,31.2467619,2.425428571,5.944457143,18.34061905,14.61542857,11.99566667,0.809247619,20.02861905,5.560152381,1.927752381,8.745095238,6.420057143,19.91666667,,8.244580952,0,13.59952381,21.56061905,,22.35442857,17.24895238,19.80390476,15.1102381,19.60728571,43.78595238,36.45114286,41.29719048,18.82747619,40.86785714,35.09928571,,,2.27547619,,,,,,,,,,,,,,,,,,,,,,,,,,,,,,,,,,,,,45.005,,,,,,,,,,,,,,,,,,,,,,,,,,,,,,,,
,,18.59,18.84,,10.11,1.06,2.26,29.3888,33.8454,23.07446667,30.01846667,42.78593333,58.64366667,55.14386667,48.84306667,48.3674,51.9038,25.0792,37.60286667,35.02546667,43.66266667,27.824,40.6542,38.5326,51.4084,61.75546667,60.434,67.75413333,70.95213333,65.4228,75.84366667,66.76826667,61.42706667,34.97809524,24.53257143,32.6547619,29.61357143,1.40452381,5.16947619,17.44180952,13.60647619,10.53109524,0.148171429,18.07619048,4.201495238,1.182666667,7.634742857,5.0704,18.87966667,,7.301114286,,12.07085714,19.87442857,,20.32861905,15.93747619,18.634,13.95419048,18.44909524,43.04471429,35.558,40.21057143,17.65866667,40.06338095,34.3382381,,,0.817285,,,,,,,,,,,,,,,,,,,,,,,,,,,,,,,,,,,,,43.93666667,,,,,,,,,,,,,,,,,,,,,,,,,,,,,,,,
,,17.47,17.28,,8.76,0.03,1.31,28.3396,32.95733333,22.07166667,28.8402,41.8996,57.76593333,54.20526667,47.821,47.2846,51.12906667,23.98213333,36.50793333,33.9128,42.7354,26.698,39.55893333,37.6188,50.77226667,61.28493333,60.01306667,67.1846,70.5246,64.72973333,75.4888,66.20513333,60.74646667,33.83304762,23.36280952,31.58852381,28.0707619,0.528038095,4.449257143,16.50204762,12.66966667,9.079761905,,16.22338095,2.930571429,0.542390476,6.592409524,3.809447619,17.73514286,,6.276971429,,10.53604762,18.1557619,,18.43857143,14.70495238,17.38685714,12.85633333,17.33066667,42.16914286,34.54128571,39.00719048,16.50347619,39.21619048,33.62504762,,,0,,,,,,,,,,,,,,,,,,,,,,,,,,,,,,,,,,,,,42.95166667,,,,,,,,,,,,,,,,,,,,,,,,,,,,,,,,
,,16.45,15.91,,7.47,0,0.57,27.29186667,31.99286667,20.97413333,27.91586667,41.0094,56.93053333,53.0824,46.80746667,46.291,50.37873333,22.9026,35.42393333,32.92526667,41.8472,25.58773333,38.56093333,36.72553333,50.05213333,60.725,59.66813333,66.4376,70.00846667,64.051,74.9834,65.6564,60.07433333,32.70290476,22.19795238,30.41219048,26.61438095,0,3.797628571,15.57852381,11.80995238,7.673066667,,14.4722381,1.769714286,0.156590476,5.652104762,2.626266667,16.57485714,,5.348742857,,8.923361905,16.5147619,,16.49228571,13.48571429,16.17266667,11.79552381,16.16304762,41.3342381,33.60238095,37.73852381,15.37871429,38.29157143,32.758,,,,,,,,,,,,,,,,,,,,,,,,,,,,,,,,,,,,,,,,41.81666667,,,,,,,,,,,,,,,,,,,,,,,,,,,,,,,,
,,15.48,14.58,,6.29,,,26.30426667,31.20546667,19.86526667,27.0326,40.1834,55.9074,52.046,45.74253333,45.47293333,49.377,21.85513333,34.53793333,31.84893333,41.055,24.5428,37.56126667,35.73106667,49.3246,60.16213333,59.32413333,65.748,69.61153333,63.53126667,74.40073333,65.02873333,59.4544,31.5172381,21.0842381,29.23452381,25.14066667,0,3.1582,14.73795238,10.9967619,6.3262,,12.802,0.747628571,0.0912,4.773619048,1.569828571,15.56042857,,4.48852381,,7.138619048,14.8967619,,14.59847619,12.31495238,15.05285714,10.7592381,15.00047619,40.55314286,32.7862381,36.65785714,14.26104762,37.46495238,31.74457143,,,,,,,,,,,,,,,,,,,,,,,,,,,,,,,,,,,,,,,,40.71166667,,,,,,,,,,,,,,,,,,,,,,,,,,,,,,,,
,,14.51,13.36,,5.2,,,25.268,30.3214,18.77326667,26.0982,38.93733333,54.80306667,50.874,44.73886667,44.7996,48.6966,20.8024,33.6112,30.8042,40.18833333,23.58233333,36.58426667,34.76473333,48.65473333,59.652,58.937,65.13306667,69.15786667,62.98593333,74.00186667,64.43473333,58.86086667,30.36304762,20.012,28.12242857,23.56852381,0,2.603447619,13.94152381,10.30185714,5.029514286,,11.203,0,,3.9308,0.678466667,14.59442857,,3.653066667,,5.58572381,13.26385714,,12.78652381,11.14709524,13.92833333,9.7478,13.99209524,39.82771429,32.00157143,35.61666667,13.1877619,36.78,30.92614286,,,,,,,,,,,,,,,,,,,,,,,,,,,,,,,,,,,,,,,,39.04333333,,,,,,,,,,,,,,,,,,,,,,,,,,,,,,,,
,,13.49,12.17,,4.17,,,24.28686667,29.36906667,17.64813333,25.24706667,37.7456,53.6952,49.9006,43.69846667,44.2014,47.85126667,19.78306667,32.68126667,29.6138,39.24826667,22.56,35.55153333,33.8214,48.05686667,59.31066667,58.44566667,64.47553333,68.63213333,62.4418,73.47446667,63.90846667,58.27093333,29.20390476,18.96109524,27.06833333,22.05042857,0,2.142019048,13.07647619,9.579238095,3.824733333,,9.644047619,0,,3.096057143,0,13.59719048,,2.819790476,,4.085961905,11.70595238,,10.98528571,10.0201619,12.83438095,8.836571429,12.98280952,39.00019048,31.02228571,34.52571429,12.14461905,35.96842857,30.19180952,,,,,,,,,,,,,,,,,,,,,,,,,,,,,,,,,,,,,,,,37.585,,,,,,,,,,,,,,,,,,,,,,,,,,,,,,,,
,,12.49,11.05,,3.22,,,23.23493333,28.51246667,16.68386667,24.3994,36.8544,52.57806667,48.86653333,42.55013333,43.41286667,46.852,18.7838,31.73446667,28.4516,38.36573333,21.62546667,34.5418,32.79253333,47.5376,58.93773333,57.96026667,63.7104,67.96006667,61.80013333,72.9662,63.28166667,57.59973333,28.14390476,17.92580952,26.05995238,20.65942857,0,1.796952381,12.22533333,8.784285714,2.689438095,,8.1572,0,,2.293485714,,12.59128571,,2.034161905,,2.675428571,10.2395619,,9.207314286,8.899247619,11.73371429,7.939752381,12.01719048,38.17261905,30.09061905,33.29904762,11.12880952,35.05314286,29.32095238,,,,,,,,,,,,,,,,,,,,,,,,,,,,,,,,,,,,,,,,36.235,,,,,,,,,,,,,,,,,,,,,,,,,,,,,,,,
,,11.51,9.89,,,,,22.33653333,27.62073333,15.68253333,23.5166,35.9752,51.6588,47.62846667,41.48853333,42.67133333,45.8402,17.80826667,30.75613333,27.30893333,37.49366667,20.64086667,33.5904,31.8128,47.01833333,58.5488,57.51606667,62.93433333,67.39293333,61.23106667,72.44666667,62.6366,56.8886,27.08138095,16.9157619,25.00119048,19.34557143,0,1.520857143,11.50380952,8.002504762,1.674228571,,,0,,1.534904762,,11.77638095,,1.203590476,,1.378904762,8.761485714,,7.490495238,7.811190476,10.6577619,7.053171429,11.12909524,37.4227619,29.348,32.31542857,10.09627143,34.16952381,28.37414286,,,,,,,,,,,,,,,,,,,,,,,,,,,,,,,,,,,,,,,,34.89,,,,,,,,,,,,,,,,,,,,,,,,,,,,,,,,
,,10.61,8.91,,,,,21.35773333,26.7668,14.81706667,22.67326667,35.21946667,50.55906667,46.66946667,40.4856,41.76253333,45.04526667,16.84746667,29.78853333,26.2188,36.6708,19.5828,32.69913333,30.80126667,46.4706,58.12893333,57.1396,62.29273333,66.92226667,60.57646667,71.9926,62.0022,56.2546,26.14485714,15.9527619,24.05914286,17.95152381,,,10.7342381,7.28647619,0.851019048,,,,,0.814857143,,10.97114286,,0.476695238,,0.234038095,7.329990476,,5.873066667,6.756771429,9.615828571,6.206257143,10.27620952,36.67304762,28.62519048,31.35209524,9.125561905,33.438,27.68938095,,,,,,,,,,,,,,,,,,,,,,,,,,,,,,,,,,,,,,,,33.57166667,,,,,,,,,,,,,,,,,,,,,,,,,,,,,,,,
,,9.71,7.86,,,,,20.42193333,25.8514,13.79513333,21.79793333,34.67366667,49.4568,45.64673333,39.47286667,40.83553333,44.1924,15.92073333,28.9352,25.20546667,35.91606667,18.60586667,31.815,29.90153333,45.8654,57.6296,56.7688,61.65533333,66.45566667,59.996,71.52473333,61.38006667,55.65986667,25.12257143,15.01442857,23.16933333,16.56304762,,,9.972285714,6.595504762,0.291152381,,,,,0.175371429,,10.07794286,,0,,0,5.996619048,,4.298895238,5.765304762,8.623257143,5.420961905,9.504847619,35.82438095,27.6857619,30.26461905,8.176066667,32.63880952,26.89671429,,,,,,,,,,,,,,,,,,,,,,,,,,,,,,,,,,,,,,,,32.56333333,,,,,,,,,,,,,,,,,,,,,,,,,,,,,,,,
,,,6.91,,,,,19.46053333,25.12613333,12.78813333,20.86566667,33.5134,48.3282,44.64106667,38.4726,39.95093333,43.22826667,15.0134,28.19626667,24.2236,35.1898,17.62266667,30.8972,28.9846,45.37213333,56.90946667,56.40786667,60.86773333,65.96453333,59.49093333,71.03366667,60.8172,55.09413333,24.1357619,14.17571429,22.38433333,15.28266667,,,9.152609524,5.93172381,0.074247619,,,,,0,,9.132933333,,0,,,4.783819048,,2.790742857,5.17512,7.657657143,4.97972,9.08104,35.05380952,26.84204762,29.14361905,7.278395238,31.75052381,25.98485714,,,,,,,,,,,,,,,,,,,,,,,,,,,,,,,,,,,,,,,,31.18,,,,,,,,,,,,,,,,,,,,,,,,,,,,,,,,
,,,5.99,,,,,18.5528,24.19593333,11.8894,20.01913333,32.50993333,47.19246667,43.63013333,37.54146667,39.09213333,42.54946667,14.1008,27.3838,23.23293333,34.4302,16.66966667,29.98646667,28.20126667,44.839,56.50293333,55.99926667,59.91,65.46193333,59.0168,70.524,60.23713333,54.46846667,23.14214286,13.35619048,21.4587619,14.00614286,,,8.447619048,5.311390476,,,,,,,,8.396790476,,,,,3.566180952,,1.393542857,,6.718780952,,,34.33685714,26.20528571,28.197,6.3758,30.97290476,25.12519048,,,,,,,,,,,,,,,,,,,,,,,,,,,,,,,,,,,,,,,,29.3,,,,,,,,,,,,,,,,,,,,,,,,,,,,,,,,
,,,5.11,,,,,17.67513333,23.39673333,11.0288,19.13186667,31.74606667,46.18986667,42.6556,36.5378,38.18486667,41.7388,13.17626667,26.66166667,22.179,33.59893333,15.78286667,29.10306667,27.32786667,44.29286667,56.17786667,55.6318,59.12146667,64.95913333,58.40733333,69.93746667,59.5634,53.76026667,22.15842857,12.63257143,20.62790476,12.76004762,,,7.721057143,4.723190476,,,,,,,,7.732180952,,,,,2.360457143,,0.162838095,,6.1856,,,33.59490476,25.48885714,27.26519048,5.53822381,30.33661905,24.4667619,,,,,,,,,,,,,,,,,,,,,,,,,,,,,,,,,,,,,,,,28.3,,,,,,,,,,,,,,,,,,,,,,,,,,,,,,,,
,,,,,,,,16.75873333,22.54693333,10.11401333,18.31306667,30.81026667,45.30686667,41.62853333,35.56,37.355,40.8506,12.3112,25.87853333,21.1454,32.79193333,14.9264,28.2156,26.38573333,43.58146667,55.82893333,55.2526,58.4216,64.4926,57.75946667,69.446,58.99753333,53.12706667,21.22185714,11.83333333,19.74057143,11.54785714,,,6.967971429,4.176704762,,,,,,,,7.020133333,,,,,1.25732381,,0,,,,,32.77814286,24.61233333,26.18685714,4.733833333,29.64047619,23.7732381,,,,,,,,,,,,,,,,,,,,,,,,,,,,,,,,,,,,,,,,,,,,,,,,,,,,,,,,,,,,,,,,,,,,,,,,
,,,,,,,,15.83673333,21.7908,9.246373333,17.4484,29.82353333,44.3674,40.6702,34.5936,36.54146667,40.0206,11.44833333,25.08946667,20.15313333,32.00413333,14.05046667,27.32066667,25.53813333,42.93386667,55.4516,54.82573333,57.77526667,64.02073333,57.22206667,69.05946667,58.45746667,52.569,20.31652381,11.15461905,19.12514286,10.37348571,,,6.313028571,3.721904762,,,,,,,,6.285352381,,,,,0.262342857,,,,,,,32.03428571,23.84866667,25.13919048,3.976342857,28.81028571,22.91319048,,,,,,,,,,,,,,,,,,,,,,,,,,,,,,,,,,,,,,,,,,,,,,,,,,,,,,,,,,,,,,,,,,,,,,,,
,,,,,,,,14.938,20.9924,8.355573333,16.6988,28.94986667,43.1818,39.8096,33.64466667,35.58893333,39.17513333,10.5996,24.3776,19.184,31.2606,13.13606667,26.50933333,24.7408,42.3802,55.0286,54.38013333,57.19926667,63.55386667,56.7328,68.73706667,57.86433333,52.02733333,19.40795238,10.72304762,18.6382381,9.212085714,,,5.646885714,3.574733333,,,,,,,,5.700428571,,,,,0,,,,,,,31.28666667,23.1687619,24.24595238,3.242095238,28.12842857,22.14585714,,,,,,,,,,,,,,,,,,,,,,,,,,,,,,,,,,,,,,,,,,,,,,,,,,,,,,,,,,,,,,,,,,,,,,,,
,,,,,,,,14.07253333,20.26493333,7.447573333,15.9262,28.20346667,42.25846667,38.77233333,32.64506667,34.83106667,38.35426667,9.7648,23.68026667,18.24626667,30.53866667,12.25626667,25.70933333,23.99853333,41.87106667,54.57573333,53.88353333,56.537,63.06753333,56.17533333,68.1646,57.26433333,51.46726667,18.5147619,10.03450952,18.08557143,8.153590476,,,4.9328,3.279019048,,,,,,,,5.134190476,,,,,,,,,,,,30.447,22.36080952,23.36809524,2.570719048,27.51014286,21.50704762,,,,,,,,,,,,,,,,,,,,,,,,,,,,,,,,,,,,,,,,,,,,,,,,,,,,,,,,,,,,,,,,,,,,,,,,
,,,,,,,,13.20593333,19.45553333,6.563346667,15.1174,27.43013333,41.28933333,37.79193333,31.69746667,33.88273333,37.59133333,8.9558,22.96746667,17.36373333,29.88546667,11.43106667,24.877,23.28153333,41.32793333,54.00466667,53.39653333,55.76066667,62.55073333,55.6524,67.6158,56.51186667,50.8534,17.61209524,9.187409524,,7.13492381,,,4.293485714,,,,,,,,,4.55312381,,,,,,,,,,,,29.63214286,21.47009524,22.35657143,2.001128571,26.80414286,20.892,,,,,,,,,,,,,,,,,,,,,,,,,,,,,,,,,,,,,,,,,,,,,,,,,,,,,,,,,,,,,,,,,,,,,,,,
,,,,,,,,12.3812,18.66333333,5.64476,14.417,26.66886667,40.41993333,36.97546667,30.6968,33.0688,36.71793333,8.19128,22.23206667,16.48466667,29.21813333,10.61753333,24.09906667,22.57733333,40.6794,53.5372,52.8524,55.02753333,62.037,54.9948,67.15013333,55.8684,50.24253333,16.72609524,8.355690476,,6.173171429,,,3.713733333,,,,,,,,,4.08167619,,,,,,,,,,,,28.92466667,20.87633333,21.36928571,1.508414286,26.06695238,20.14719048,,,,,,,,,,,,,,,,,,,,,,,,,,,,,,,,,,,,,,,,,,,,,,,,,,,,,,,,,,,,,,,,,,,,,,,,
,,,,,,,,11.5452,17.92453333,4.686133333,13.58273333,25.89286667,39.46666667,35.99586667,29.69693333,32.1742,35.7128,7.443653333,21.5264,15.56166667,28.47986667,9.836026667,23.30633333,21.7648,40.03913333,53.05646667,52.4348,54.36506667,61.65433333,54.47966667,66.7262,55.28746667,49.5408,15.91185714,7.518252381,,5.290495238,,,3.1178,,,,,,,,,3.692933333,,,,,,,,,,,,28.10847619,20.288,20.512,1.074628095,25.46585714,19.45285714,,,,,,,,,,,,,,,,,,,,,,,,,,,,,,,,,,,,,,,,,,,,,,,,,,,,,,,,,,,,,,,,,,,,,,,,
,,,,,,,,10.74353333,17.1148,3.678786667,12.85,25.07466667,38.53526667,34.9714,28.6686,31.50093333,34.8136,6.713106667,20.9146,14.68166667,27.77846667,9.044146667,22.49386667,20.9286,39.4622,52.58366667,51.98186667,53.70333333,61.2848,53.93326667,66.355,54.7782,48.84233333,15.11580952,6.74432381,,4.460157895,,,2.529419048,,,,,,,,,3.197,,,,,,,,,,,,27.30528571,19.60161905,19.66052381,0.715714286,24.91990476,18.89038095,,,,,,,,,,,,,,,,,,,,,,,,,,,,,,,,,,,,,,,,,,,,,,,,,,,,,,,,,,,,,,,,,,,,,,,,
,,,,,,,,9.92888,16.3152,2.69152,12.10053333,24.26146667,37.65833333,33.9326,27.70746667,30.70313333,34.02326667,5.997226667,20.398,13.832,27.07506667,8.270346667,21.68906667,20.16846667,38.9314,52.09853333,51.47746667,53.0464,60.8438,53.42413333,65.9102,54.27146667,48.21653333,14.33909524,6.026590476,,0,,,1.976133333,,,,,,,,,2.711952381,,,,,,,,,,,,26.55342857,18.96028571,18.69004762,0.430666667,24.30419048,18.28561905,,,,,,,,,,,,,,,,,,,,,,,,,,,,,,,,,,,,,,,,,,,,,,,,,,,,,,,,,,,,,,,,,,,,,,,,
,,,,,,,,9.1256,15.58373333,1.729053333,11.294,23.49253333,36.84106667,32.98273333,26.76733333,29.84046667,33.24486667,5.2988,19.8874,13.021,26.46186667,7.514893333,20.9318,19.5004,38.43746667,51.70066667,50.93226667,52.3358,60.40233333,52.83346667,65.38393333,53.65126667,47.56766667,13.53838095,5.25292381,,,,,1.65995,,,,,,,,,2.395009524,,,,,,,,,,,,25.83333333,18.49671429,17.84342857,0.180491571,23.74485714,17.61871429,,,,,,,,,,,,,,,,,,,,,,,,,,,,,,,,,,,,,,,,,,,,,,,,,,,,,,,,,,,,,,,,,,,,,,,,
,,,,,,,,8.362213333,14.90746667,0.807413333,10.51193333,22.64533333,36.03013333,32.06933333,25.8642,28.99746667,32.46186667,4.63092,19.31213333,12.2578,25.86026667,6.826346667,20.20886667,18.80486667,37.97426667,51.26013333,50.4884,51.65853333,59.9322,52.20766667,64.85233333,52.99913333,46.93793333,12.73795238,4.522247619,,,,,,,,,,,,,,,,,,,,,,,,,,25.0637619,17.92666667,17.09147619,0.007936524,23.21152381,17.06904762,,,,,,,,,,,,,,,,,,,,,,,,,,,,,,,,,,,,,,,,,,,,,,,,,,,,,,,,,,,,,,,,,,,,,,,,
,,,,,,,,7.65172,14.21793333,0.09176,9.84788,21.9768,35.06686667,31.1502,24.92473333,28.3218,31.76673333,4.005746667,18.6722,11.49613333,25.2184,6.132613333,19.53626667,18.16493333,37.44706667,50.78146667,50.0832,51.08033333,59.4856,51.6694,64.3984,52.35786667,46.28133333,12.0057619,3.851514286,,,,,,,,,,,,,,,,,,,,,,,,,,24.30528571,17.24866667,16.311,0,22.67528571,16.60738095,,,,,,,,,,,,,,,,,,,,,,,,,,,,,,,,,,,,,,,,,,,,,,,,,,,,,,,,,,,,,,,,,,,,,,,,
,,,,,,,,6.9496,13.55713333,0,9.20044,21.2052,34.1384,30.28653333,24.0056,27.64086667,31.01646667,3.43472,18.168,10.73573333,24.5798,5.457026667,18.76826667,17.31953333,37.03466667,50.3096,49.64606667,50.53053333,59.0902,51.1156,64.03013333,51.7892,45.62753333,11.37042857,3.205066667,,,,,,,,,,,,,,,,,,,,,,,,,,23.61157143,16.68047619,15.46414286,,22.09680952,16.03171429,,,,,,,,,,,,,,,,,,,,,,,,,,,,,,,,,,,,,,,,,,,,,,,,,,,,,,,,,,,,,,,,,,,,,,,,
,,,,,,,,6.289333333,12.86893333,,8.538293333,20.5216,33.25106667,29.39693333,23.1244,26.99646667,30.2866,2.859746667,17.69793333,9.9866,23.93906667,4.787373333,18.01273333,16.58733333,36.57646667,49.7942,49.19,49.99186667,58.7012,50.59253333,63.7026,51.28873333,45.05346667,10.57609524,2.559552381,,,,,,,,,,,,,,,,,,,,,,,,,,22.91204762,16.21052381,14.69904762,,21.56742857,,,,,,,,,,,,,,,,,,,,,,,,,,,,,,,,,,,,,,,,,,,,,,,,,,,,,,,,,,,,,,,,,,,,,,,,,
,,,,,,,,5.646866667,12.21686667,,7.875946667,19.69513333,32.38953333,28.49813333,22.2302,26.22346667,29.56206667,2.298586667,17.25653333,9.2732,23.3548,4.1476,17.27713333,15.87013333,36.15113333,49.42733333,48.66853333,49.38113333,58.22033333,50.13,63.27546667,50.70506667,44.50493333,9.735238095,1.998166667,,,,,,,,,,,,,,,,,,,,,,,,,,22.22085714,15.70280952,13.94852381,,21.04052381,,,,,,,,,,,,,,,,,,,,,,,,,,,,,,,,,,,,,,,,,,,,,,,,,,,,,,,,,,,,,,,,,,,,,,,,,
,,,,,,,,5.022053333,11.59373333,,7.291866667,18.99206667,31.59726667,27.64746667,21.35713333,25.50533333,28.7496,1.742493333,16.81933333,8.5892,22.7878,3.517906667,16.5596,15.22146667,35.646,49.1038,48.23273333,48.73366667,57.735,49.6128,62.7014,50.10286667,43.904,8.978133333,0,,,,,,,,,,,,,,,,,,,,,,,,,,21.55790476,15.23819048,13.17295238,,20.48428571,,,,,,,,,,,,,,,,,,,,,,,,,,,,,,,,,,,,,,,,,,,,,,,,,,,,,,,,,,,,,,,,,,,,,,,,,
,,,,,,,,4.427533333,10.95926667,,6.642573333,18.24093333,30.7928,26.7932,20.485,24.78966667,27.96293333,1.23328,16.4072,7.92744,22.2028,2.888386667,15.86446667,14.50186667,35.11326667,48.7704,47.8124,48.13473333,57.275,49.0424,62.22593333,49.48226667,43.2508,8.289685714,,,,,,,,,,,,,,,,,,,,,,,,,,,20.92833333,14.81795238,12.40861905,,19.97071429,,,,,,,,,,,,,,,,,,,,,,,,,,,,,,,,,,,,,,,,,,,,,,,,,,,,,,,,,,,,,,,,,,,,,,,,,
,,,,,,,,3.840573333,10.34493333,,6.051653333,17.48353333,29.9876,25.94133333,19.64126667,24.03466667,27.29713333,0.76544,15.97573333,7.281366667,21.63826667,2.288026667,15.20333333,13.85413333,34.55066667,48.33033333,47.36206667,47.57573333,56.86346667,48.5082,61.8042,48.87366667,42.5626,7.493466667,,,,,,,,,,,,,,,,,,,,,,,,,,,20.2942381,14.3597619,11.74214286,,19.5442381,,,,,,,,,,,,,,,,,,,,,,,,,,,,,,,,,,,,,,,,,,,,,,,,,,,,,,,,,,,,,,,,,,,,,,,,,
,,,,,,,,3.271293333,9.748373333,,5.474413333,16.77446667,29.26333333,25.0908,18.7604,23.296,26.56433333,0.338146667,15.5464,6.646573333,21.08826667,1.73148,14.56733333,13.20426667,33.9788,47.73233333,46.86813333,47.03706667,56.43926667,48.06666667,61.40453333,48.3774,41.8466,6.641980952,,,,,,,,,,,,,,,,,,,,,,,,,,,19.68171429,13.85195238,11.03914286,,19.03490476,,,,,,,,,,,,,,,,,,,,,,,,,,,,,,,,,,,,,,,,,,,,,,,,,,,,,,,,,,,,,,,,,,,,,,,,,
,,,,,,,,2.719266667,9.174786667,,4.929946667,16.07566667,28.506,24.25706667,17.9646,22.64306667,25.82033333,0.030946667,15.16166667,6.0157,20.54913333,1.182466667,13.92573333,12.55366667,33.42526667,47.2524,46.3318,46.44713333,55.96893333,47.58826667,60.92773333,47.90586667,41.23133333,5.907180952,,,,,,,,,,,,,,,,,,,,,,,,,,,19.10328571,13.40471429,10.32322381,,18.48404762,,,,,,,,,,,,,,,,,,,,,,,,,,,,,,,,,,,,,,,,,,,,,,,,,,,,,,,,,,,,,,,,,,,,,,,,,
,,,,,,,,2.191093333,8.596266667,,4.378813333,15.38293333,27.6844,23.4754,17.10453333,22.0794,25.08573333,0.004,14.76446667,5.402926667,20.00153333,0.687493333,13.25906667,11.90053333,32.8376,46.87566667,45.77753333,45.7892,55.53093333,47.16273333,60.47253333,47.23186667,40.62626667,5.116866667,,,,,,,,,,,,,,,,,,,,,,,,,,,18.51,12.94519048,9.673133333,,18.01028571,,,,,,,,,,,,,,,,,,,,,,,,,,,,,,,,,,,,,,,,,,,,,,,,,,,,,,,,,,,,,,,,,,,,,,,,,
,,,,,,,,1.709346667,8.0612,,3.855706667,14.734,26.91973333,22.661,16.27633333,21.4456,24.40813333,0.004,14.34933333,4.802626667,19.48553333,0.23688,12.61646667,11.28946667,32.21413333,46.47726667,45.28973333,45.12646667,55.07373333,46.6214,59.97746667,46.60046667,39.89186667,4.329495238,,,,,,,,,,,,,,,,,,,,,,,,,,,17.93795238,12.46304762,9.070928571,,17.56042857,,,,,,,,,,,,,,,,,,,,,,,,,,,,,,,,,,,,,,,,,,,,,,,,,,,,,,,,,,,,,,,,,,,,,,,,,
,,,,,,,,1.232506667,7.52848,,3.38544,14.19146667,26.18726667,21.87893333,15.416,20.8422,23.62126667,0.004,13.8932,4.212493333,18.9738,0.003773333,12.0058,10.68093333,31.58913333,46.0636,44.7954,44.51006667,54.6686,46.17546667,59.5294,46.0406,39.2724,3.6016,,,,,,,,,,,,,,,,,,,,,,,,,,,17.39757143,11.99566667,8.443952381,,17.0557619,,,,,,,,,,,,,,,,,,,,,,,,,,,,,,,,,,,,,,,,,,,,,,,,,,,,,,,,,,,,,,,,,,,,,,,,,
,,,,,,,,0.8012,6.99104,,2.94604,13.56546667,25.38553333,21.07966667,14.62393333,20.17046667,22.8434,0.004,13.4936,3.640133333,18.48366667,0,11.40873333,10.08518667,30.97453333,45.67386667,44.3138,43.857,54.26706667,45.69793333,59.12033333,45.49826667,38.5974,3.042980952,,,,,,,,,,,,,,,,,,,,,,,,,,,16.82695238,11.48909524,7.825195238,,16.59014286,,,,,,,,,,,,,,,,,,,,,,,,,,,,,,,,,,,,,,,,,,,,,,,,,,,,,,,,,,,,,,,,,,,,,,,,,
,,,,,,,,0.40032,6.470786667,,2.55496,12.92946667,24.6128,20.2726,13.84233333,19.49786667,22.25166667,0.004,13.072,3.100506667,17.96986667,0,10.7706,9.451573333,30.39106667,45.2706,43.81433333,43.2822,53.8734,45.2578,58.75813333,44.97533333,37.96686667,2.442780952,,,,,,,,,,,,,,,,,,,,,,,,,,,16.28280952,10.95938095,7.265485714,,16.14933333,,,,,,,,,,,,,,,,,,,,,,,,,,,,,,,,,,,,,,,,,,,,,,,,,,,,,,,,,,,,,,,,,,,,,,,,,
,,,,,,,,0.065346667,5.963306667,,2.163986667,12.3506,23.85373333,19.4688,13.1054,18.828,21.6702,0.004,12.7006,2.56796,17.4302,0,10.15410667,8.891546667,29.74833333,44.89573333,43.30546667,42.64833333,53.3836,44.69473333,58.319,44.3634,37.3652,1.827457143,,,,,,,,,,,,,,,,,,,,,,,,,,,15.75642857,10.46709524,6.714452381,,15.66138095,,,,,,,,,,,,,,,,,,,,,,,,,,,,,,,,,,,,,,,,,,,,,,,,,,,,,,,,,,,,,,,,,,,,,,,,,
,,,,,,,,0.0034,5.45656,,1.788146667,11.76846667,23.1378,18.6916,12.33473333,18.16946667,21.0296,0.004,12.29553333,2.064693333,16.889,0,9.55708,8.2564,29.1422,44.492,42.8244,42.0754,52.97446667,44.09326667,57.83673333,43.75033333,36.77086667,1.354914286,,,,,,,,,,,,,,,,,,,,,,,,,,,15.20209524,9.930819048,6.160719048,,15.17614286,,,,,,,,,,,,,,,,,,,,,,,,,,,,,,,,,,,,,,,,,,,,,,,,,,,,,,,,,,,,,,,,,,,,,,,,,
,,,,,,,,0.0034,4.93804,,1.449986667,11.13986667,22.36693333,17.94946667,11.60213333,17.46593333,20.408,0.004,11.91,1.58456,16.36173333,0,8.952146667,7.680746667,28.556,44.04033333,42.35413333,41.613,52.6396,43.54626667,57.41786667,43.19653333,36.19233333,1.079542857,,,,,,,,,,,,,,,,,,,,,,,,,,,14.67590476,9.396428571,5.615814286,,14.71709524,,,,,,,,,,,,,,,,,,,,,,,,,,,,,,,,,,,,,,,,,,,,,,,,,,,,,,,,,,,,,,,,,,,,,,,,,
,,,,,,,,0.0034,4.437266667,,1.086826667,10.6394,21.62633333,17.19393333,10.8454,16.77213333,19.83046667,0.004,11.49246667,1.114813333,15.81486667,0,8.354013333,7.099306667,27.9388,43.60366667,41.88193333,41.17293333,52.2966,42.97253333,57.01246667,42.6662,35.67966667,0.847066667,,,,,,,,,,,,,,,,,,,,,,,,,,,14.15328571,8.895719048,5.102009524,,14.24180952,,,,,,,,,,,,,,,,,,,,,,,,,,,,,,,,,,,,,,,,,,,,,,,,,,,,,,,,,,,,,,,,,,,,,,,,,
,,,,,,,,0.0034,3.961133333,,0.693546667,10.15964,20.87173333,16.429,10.10293333,16.09566667,19.31333333,0.004,11.11253333,0.70512,15.2544,0,7.784453333,6.49888,27.377,43.16273333,41.37333333,40.7396,51.89713333,42.45746667,56.56046667,42.11266667,35.05606667,0.682672727,,,,,,,,,,,,,,,,,,,,,,,,,,,13.61409524,8.362233333,4.593561905,,13.75171429,,,,,,,,,,,,,,,,,,,,,,,,,,,,,,,,,,,,,,,,,,,,,,,,,,,,,,,,,,,,,,,,,,,,,,,,,
,,,,,,,,0.0034,3.50324,,0.31752,9.648346667,20.19833333,15.6798,9.383453333,15.50686667,18.74486667,0.004,10.74586667,0.366493333,14.6914,0,7.178386667,5.929093333,26.78913333,42.72873333,40.84233333,40.2918,51.50873333,41.8596,56.18846667,41.56786667,34.4108,,,,,,,,,,,,,,,,,,,,,,,,,,,,13.10395238,7.845895238,4.087285714,,13.32733333,,,,,,,,,,,,,,,,,,,,,,,,,,,,,,,,,,,,,,,,,,,,,,,,,,,,,,,,,,,,,,,,,,,,,,,,,
,,,,,,,,0.0034,3.064853333,,0.03536,9.13768,19.5158,14.96126667,8.65988,14.9356,18.1152,0.004,10.36173333,0.184306667,14.10333333,0,6.5892,5.376426667,26.21753333,42.26806667,40.33446667,39.7404,51.15793333,41.3294,55.89033333,41.04626667,33.77926667,,,,,,,,,,,,,,,,,,,,,,,,,,,,12.58014286,7.33347619,3.59482381,,12.8442381,,,,,,,,,,,,,,,,,,,,,,,,,,,,,,,,,,,,,,,,,,,,,,,,,,,,,,,,,,,,,,,,,,,,,,,,,
,,,,,,,,0.0034,2.639893333,,0,8.604986667,18.8302,14.25,7.93132,14.35046667,17.4622,0.004,9.987686667,0.169373333,13.51513333,0,5.986493333,4.838173333,25.62806667,41.81446667,39.8454,39.28973333,50.834,40.73353333,55.51133333,40.54293333,33.166,,,,,,,,,,,,,,,,,,,,,,,,,,,,12.02642857,6.735138095,3.122014286,,12.40152381,,,,,,,,,,,,,,,,,,,,,,,,,,,,,,,,,,,,,,,,,,,,,,,,,,,,,,,,,,,,,,,,,,,,,,,,,
,,,,,,,,0.0034,2.216226667,,0,8.14636,18.1972,13.51713333,7.22912,13.71146667,16.818,0.004,9.6286,0.17376,12.9642,0,5.416253333,4.268213333,25.0216,41.3742,39.39386667,38.7838,50.39793333,40.12813333,55.14406667,39.9792,32.52413333,,,,,,,,,,,,,,,,,,,,,,,,,,,,11.46709524,6.115409524,2.687395238,,11.99504762,,,,,,,,,,,,,,,,,,,,,,,,,,,,,,,,,,,,,,,,,,,,,,,,,,,,,,,,,,,,,,,,,,,,,,,,,
,,,,,,,,0.0034,1.814373333,,0,7.660853333,17.56926667,12.8072,6.58656,13.05886667,16.21586667,0.004,9.28964,0.17988,12.35953333,0,4.84244,3.776933333,24.43253333,40.98613333,38.8686,38.28366667,50.01906667,39.55586667,54.773,39.35026667,31.88813333,,,,,,,,,,,,,,,,,,,,,,,,,,,,10.95361905,5.586328571,2.264419048,,11.53571429,,,,,,,,,,,,,,,,,,,,,,,,,,,,,,,,,,,,,,,,,,,,,,,,,,,,,,,,,,,,,,,,,,,,,,,,,
,,,,,,,,0.0034,1.424933333,,0,7.179373333,16.97566667,12.05046667,5.970773333,12.44353333,15.68906667,0.004,8.947233333,0.187773333,11.82793333,0,4.280266667,3.293933333,23.84566667,40.5664,38.35806667,37.7944,49.62906667,38.9806,54.40226667,38.68346667,31.30086667,,,,,,,,,,,,,,,,,,,,,,,,,,,,10.4857619,5.099719048,1.860438095,,11.11838095,,,,,,,,,,,,,,,,,,,,,,,,,,,,,,,,,,,,,,,,,,,,,,,,,,,,,,,,,,,,,,,,,,,,,,,,,
,,,,,,,,0.0034,1.041866667,,0,6.798013333,16.35813333,11.31406667,5.367266667,11.88953333,15.222,0.004,8.619093333,0.188533333,11.25733333,0,3.742853333,2.88576,23.26466667,40.14666667,37.87413333,37.2638,49.18106667,38.3722,54.05246667,38.14006667,30.722,,,,,,,,,,,,,,,,,,,,,,,,,,,,9.992395238,4.577028571,1.480452381,,10.71342857,,,,,,,,,,,,,,,,,,,,,,,,,,,,,,,,,,,,,,,,,,,,,,,,,,,,,,,,,,,,,,,,,,,,,,,,,
,,,,,,,,0.0034,0.692266667,,0,6.44088,15.70306667,10.63146667,4.778306667,11.34513333,14.74873333,0.004,8.276146667,0.188293333,10.72246667,0,3.21168,2.503013333,22.68213333,39.69993333,37.3668,36.8028,48.80413333,37.82966667,53.7232,37.63486667,30.14626667,,,,,,,,,,,,,,,,,,,,,,,,,,,,9.496104762,4.009633333,1.129920952,,10.25242857,,,,,,,,,,,,,,,,,,,,,,,,,,,,,,,,,,,,,,,,,,,,,,,,,,,,,,,,,,,,,,,,,,,,,,,,,
,,,,,,,,0.0034,0.399626667,,0,6.051906667,15.06906667,9.983613333,4.19008,10.81353333,14.23653333,0.004,7.95726,0.186613333,10.14196,0,2.690933333,2.118333333,22.12893333,39.27306667,36.81746667,36.2832,48.4084,37.2462,53.32113333,37.09366667,29.53253333,,,,,,,,,,,,,,,,,,,,,,,,,,,,9.048671429,3.502266667,0.811413333,,9.814038095,,,,,,,,,,,,,,,,,,,,,,,,,,,,,,,,,,,,,,,,,,,,,,,,,,,,,,,,,,,,,,,,,,,,,,,,,
,,,,,,,,0.0034,0.200042857,,0,5.6862,14.40613333,9.34796,3.61552,10.21596,13.6984,0.004,7.6215,0.184626667,9.620653333,0,2.186266667,1.719,21.55966667,38.84813333,36.25386667,35.6112,47.9292,36.67226667,52.9228,36.47586667,28.9846,,,,,,,,,,,,,,,,,,,,,,,,,,,,8.628671429,3.013671429,0.526792381,,9.335047619,,,,,,,,,,,,,,,,,,,,,,,,,,,,,,,,,,,,,,,,,,,,,,,,,,,,,,,,,,,,,,,,,,,,,,,,,
,,,,,,,,0.0034,0,,0,5.315546667,13.83433333,8.72616,3.053066667,9.679306667,13.186,0.004,7.275266667,0.185613333,9.08932,0,1.71556,1.33164,20.99866667,38.4378,35.67766667,34.97333333,47.49606667,36.09773333,52.51646667,35.87333333,28.44533333,,,,,,,,,,,,,,,,,,,,,,,,,,,,8.199571429,2.529309524,,,8.898971429,,,,,,,,,,,,,,,,,,,,,,,,,,,,,,,,,,,,,,,,,,,,,,,,,,,,,,,,,,,,,,,,,,,,,,,,,
,,,,,,,,0.0034,0,,0,4.94676,13.29786667,8.08784,2.496266667,9.19128,12.7312,0.004,6.95122,0.187786667,8.56532,0,1.28452,0.954626667,20.45833333,37.92473333,35.10946667,34.2728,47.06633333,35.46926667,52.09446667,35.30453333,27.8916,,,,,,,,,,,,,,,,,,,,,,,,,,,,7.745347619,2.004914286,,,8.429442857,,,,,,,,,,,,,,,,,,,,,,,,,,,,,,,,,,,,,,,,,,,,,,,,,,,,,,,,,,,,,,,,,,,,,,,,,
,,,,,,,,0.0034,0,,0,4.55824,12.76566667,7.461733333,1.97788,8.735546667,12.2936,0.004,6.611886667,0.192,8.075386667,0,0.879053333,0.609226667,19.92693333,37.41566667,34.54866667,33.6606,46.62593333,34.8988,51.60213333,34.77486667,27.35166667,,,,,,,,,,,,,,,,,,,,,,,,,,,,7.284190476,1.439171429,,,7.992747619,,,,,,,,,,,,,,,,,,,,,,,,,,,,,,,,,,,,,,,,,,,,,,,,,,,,,,,,,,,,,,,,,,,,,,,,,
,,,,,,,,,,,,4.164426667,12.23573333,6.855186667,1.457333333,8.313466667,11.86353333,0.004,6.29674,0.19568,7.588093333,0,0.517666667,0.27032,19.39653333,36.96053333,34.03886667,33.08966667,46.21413333,34.34513333,51.20993333,34.2974,26.77493333,,,,,,,,,,,,,,,,,,,,,,,,,,,,6.85632381,0.907950952,,,7.585157143,,,,,,,,,,,,,,,,,,,,,,,,,,,,,,,,,,,,,,,,,,,,,,,,,,,,,,,,,,,,,,,,,,,,,,,,,
,,,,,,,,,,,,3.80488,11.6844,6.302813333,0.969573333,7.856813333,11.38186667,0.004,5.956266667,0.190893333,7.12184,0,0.200333333,0.026013333,18.87873333,36.5206,33.48586667,32.52053333,45.78766667,33.80293333,50.801,33.82533333,26.24746667,,,,,,,,,,,,,,,,,,,,,,,,,,,,6.452733333,0.407667143,,,,,,,,,,,,,,,,,,,,,,,,,,,,,,,,,,,,,,,,,,,,,,,,,,,,,,,,,,,,,,,,,,,,,,,,,,,,
,,,,,,,,,,,,3.476733333,11.1302,5.771706667,0.506826667,7.37624,10.94713333,0.004,5.6246,0.18336,6.680893333,0,0.01684,-0.003,18.42033333,36.08626667,32.94466667,31.94,45.33126667,33.27766667,50.31026667,33.2946,25.69586667,,,,,,,,,,,,,,,,,,,,,,,,,,,,6.0156,0,,,,,,,,,,,,,,,,,,,,,,,,,,,,,,,,,,,,,,,,,,,,,,,,,,,,,,,,,,,,,,,,,,,,,,,,,,,,
,,,,,,,,,,,,3.139853333,10.60133333,5.254226667,0.113266667,6.873386667,10.54406667,0.004,5.29388,0.180906667,6.224093333,0,0.0122,-0.003,17.936,35.63306667,32.3622,31.19646667,44.91353333,32.68726667,49.87993333,32.69586667,25.1442,,,,,,,,,,,,,,,,,,,,,,,,,,,,5.574128571,,,,,,,,,,,,,,,,,,,,,,,,,,,,,,,,,,,,,,,,,,,,,,,,,,,,,,,,,,,,,,,,,,,,,,,,,,,,,
,,,,,,,,,,,,2.867615385,10.08984,4.747333333,-0.0028,6.3716,10.13750667,0.004,4.95036,0.18932,5.811586667,0,0.0122,-0.003,17.4236,35.12,31.87346667,30.53633333,44.51246667,32.05226667,49.46286667,32.1522,24.60253333,,,,,,,,,,,,,,,,,,,,,,,,,,,,5.184161905,,,,,,,,,,,,,,,,,,,,,,,,,,,,,,,,,,,,,,,,,,,,,,,,,,,,,,,,,,,,,,,,,,,,,,,,,,,,,
,,,,,,,,,,,,0,9.606746667,4.26648,-0.0028,5.90788,9.730506667,0.004,4.628786667,0.189986667,5.39176,0,0.0122,-0.003,16.9334,34.7034,31.4364,29.9824,44.11813333,31.45793333,48.97366667,31.64886667,24.06806667,,,,,,,,,,,,,,,,,,,,,,,,,,,,4.802095238,,,,,,,,,,,,,,,,,,,,,,,,,,,,,,,,,,,,,,,,,,,,,,,,,,,,,,,,,,,,,,,,,,,,,,,,,,,,,
,,,,,,,,,,,,0,9.109306667,3.794106667,-0.0028,5.500533333,9.309306667,0.004,4.32772,0.185786667,4.985826667,0,0.0122,-0.003,16.4386,34.28673333,30.96366667,29.35526667,43.6512,30.90593333,48.50906667,31.14613333,23.58566667,,,,,,,,,,,,,,,,,,,,,,,,,,,,4.386452381,,,,,,,,,,,,,,,,,,,,,,,,,,,,,,,,,,,,,,,,,,,,,,,,,,,,,,,,,,,,,,,,,,,,,,,,,,,,,
,,,,,,,,,,,,0,8.586386667,3.343733333,-0.0028,5.096706667,8.845306667,0.004,4.053773333,0.188373333,4.591813333,0,0.0122,-0.003,15.9484,33.901,30.42666667,28.64546667,43.16633333,30.3412,48.07166667,30.61553333,23.093,,,,,,,,,,,,,,,,,,,,,,,,,,,,3.970047619,,,,,,,,,,,,,,,,,,,,,,,,,,,,,,,,,,,,,,,,,,,,,,,,,,,,,,,,,,,,,,,,,,,,,,,,,,,,,
,,,,,,,,,,,,,8.1192,2.904973333,-0.0028,4.667413333,8.412973333,0.004,3.800946667,0.194466667,4.235786667,0,0.0122,-0.003,15.4538,33.58786667,29.89886667,27.9954,42.67593333,29.7402,47.62353333,30.10433333,22.50766667,,,,,,,,,,,,,,,,,,,,,,,,,,,,3.560947619,,,,,,,,,,,,,,,,,,,,,,,,,,,,,,,,,,,,,,,,,,,,,,,,,,,,,,,,,,,,,,,,,,,,,,,,,,,,,
,,,,,,,,,,,,,7.679186667,2.459026667,,4.25416,8.009226667,0.004,3.539673333,0.196146667,3.870146667,0,0.0122,-0.003,14.97246667,33.26633333,29.34046667,27.4274,42.2576,29.16,47.17326667,29.58326667,21.98993333,,,,,,,,,,,,,,,,,,,,,,,,,,,,3.205785714,,,,,,,,,,,,,,,,,,,,,,,,,,,,,,,,,,,,,,,,,,,,,,,,,,,,,,,,,,,,,,,,,,,,,,,,,,,,,
,,,,,,,,,,,,,7.241693333,2.011333333,,3.907066667,7.653613333,0.004,3.270906667,0.2028,3.540173333,0,0.0122,-0.003,14.5056,32.84866667,28.69773333,26.8496,41.89026667,28.54826667,46.69013333,29.103,21.449,,,,,,,,,,,,,,,,,,,,,,,,,,,,2.843119048,,,,,,,,,,,,,,,,,,,,,,,,,,,,,,,,,,,,,,,,,,,,,,,,,,,,,,,,,,,,,,,,,,,,,,,,,,,,,
,,,,,,,,,,,,,6.817853333,1.577013333,,3.584693333,7.280373333,0.004,2.996686667,0.20656,3.211613333,0,0.0122,-0.003,14.07326667,32.44633333,28.07773333,26.33253333,41.45846667,27.9856,46.2496,28.62633333,20.94966667,,,,,,,,,,,,,,,,,,,,,,,,,,,,2.445395238,,,,,,,,,,,,,,,,,,,,,,,,,,,,,,,,,,,,,,,,,,,,,,,,,,,,,,,,,,,,,,,,,,,,,,,,,,,,,
,,,,,,,,,,,,,6.39008,1.169706667,,3.27904,6.91136,0.004,2.726286667,0.207146667,2.887453333,0,0.0122,-0.003,13.6648,32.03653333,27.45813333,25.6724,41.00873333,27.4252,45.79466667,28.14233333,20.43566667,,,,,,,,,,,,,,,,,,,,,,,,,,,,2.0665,,,,,,,,,,,,,,,,,,,,,,,,,,,,,,,,,,,,,,,,,,,,,,,,,,,,,,,,,,,,,,,,,,,,,,,,,,,,,
,,,,,,,,,,,,,5.95796,0.812213333,,2.96872,6.528066667,0.004,2.466913333,0.20732,2.564586667,0,0.0122,-0.003,13.21313333,31.56773333,26.938,24.9558,40.5486,26.87313333,45.3394,27.6016,19.95853333,,,,,,,,,,,,,,,,,,,,,,,,,,,,1.683752381,,,,,,,,,,,,,,,,,,,,,,,,,,,,,,,,,,,,,,,,,,,,,,,,,,,,,,,,,,,,,,,,,,,,,,,,,,,,,
,,,,,,,,,,,,,5.532666667,0.50156,,2.666186667,6.185626667,0.004,2.18876,0.20988,2.25756,0,0.0122,-0.003,12.75513333,31.14453333,26.44393333,24.26213333,40.08813333,26.33266667,44.85893333,27.1182,19.46213333,,,,,,,,,,,,,,,,,,,,,,,,,,,,0.99602,,,,,,,,,,,,,,,,,,,,,,,,,,,,,,,,,,,,,,,,,,,,,,,,,,,,,,,,,,,,,,,,,,,,,,,,,,,,,
,,,,,,,,,,,,,5.128706667,0.26972,,2.379106667,5.843386667,0.004,1.91324,0.20928,1.97308,0,0.0122,-0.003,12.3322,30.62353333,25.94566667,23.66526667,39.62746667,25.7916,44.43946667,26.62573333,18.9838,,,,,,,,,,,,,,,,,,,,,,,,,,,,0.631428571,,,,,,,,,,,,,,,,,,,,,,,,,,,,,,,,,,,,,,,,,,,,,,,,,,,,,,,,,,,,,,,,,,,,,,,,,,,,,
,,,,,,,,,,,,,4.76496,0.19748,,2.108253333,5.498266667,0.004,1.672106667,0.208173333,1.680346667,0,0.0122,-0.003,11.93326667,30.12793333,25.4446,23.0512,39.20566667,25.31406667,43.95353333,26.134,18.4942,,,,,,,,,,,,,,,,,,,,,,,,,,,,0.310365714,,,,,,,,,,,,,,,,,,,,,,,,,,,,,,,,,,,,,,,,,,,,,,,,,,,,,,,,,,,,,,,,,,,,,,,,,,,,,
,,,,,,,,,,,,,4.41804,0.191053333,,1.842693333,5.16704,0.004,1.442146667,0.210826667,1.4134,0,0,-0.003,11.51506667,29.77706667,24.91733333,22.43286667,38.7798,24.8066,43.4906,25.63566667,17.98293333,,,,,,,,,,,,,,,,,,,,,,,,,,,,0,,,,,,,,,,,,,,,,,,,,,,,,,,,,,,,,,,,,,,,,,,,,,,,,,,,,,,,,,,,,,,,,,,,,,,,,,,,,,
,,,,,,,,,,,,,4.057386667,0.187146667,,1.58712,4.813906667,0.004,1.192553333,0.213506667,1.17156,0,0,-0.003,11.06186667,29.49306667,24.37793333,21.85466667,38.30273333,24.27753333,42.939,25.09513333,17.48073333,,,,,,,,,,,,,,,,,,,,,,,,,,,,,,,,,,,,,,,,,,,,,,,,,,,,,,,,,,,,,,,,,,,,,,,,,,,,,,,,,,,,,,,,,,,,,,,,,,,,,,,,,
,,,,,,,,,,,,,3.702986667,0.18132,,1.352453333,4.45772,0.004,0.939762,0.217666667,0.958826667,0,,,10.64833333,29.13186667,23.895,21.2464,37.82446667,23.80333333,42.37626667,24.5978,16.99386667,,,,,,,,,,,,,,,,,,,,,,,,,,,,,,,,,,,,,,,,,,,,,,,,,,,,,,,,,,,,,,,,,,,,,,,,,,,,,,,,,,,,,,,,,,,,,,,,,,,,,,,,,
,,,,,,,,,,,,,3.349213333,0.179386667,,1.121133333,4.11536,0.004,0.705622,0.2214,0.713706667,0,,,10.26213333,28.7464,23.33186667,20.604,37.36566667,23.3368,41.83293333,24.12466667,16.5118,,,,,,,,,,,,,,,,,,,,,,,,,,,,,,,,,,,,,,,,,,,,,,,,,,,,,,,,,,,,,,,,,,,,,,,,,,,,,,,,,,,,,,,,,,,,,,,,,,,,,,,,,
,,,,,,,,,,,,,3.019653333,0.18204,,0.90136,3.784053333,0.004,0.487645333,0.224426667,0.516053333,0,,,9.874553333,28.3718,22.6714,19.86973333,36.90826667,22.84353333,41.3254,23.63186667,16.0306,,,,,,,,,,,,,,,,,,,,,,,,,,,,,,,,,,,,,,,,,,,,,,,,,,,,,,,,,,,,,,,,,,,,,,,,,,,,,,,,,,,,,,,,,,,,,,,,,,,,,,,,,
,,,,,,,,,,,,,2.692413333,0.184266667,,0.68972,3.437066667,0.004,0.295444,0.222693333,0.373573333,0,,,9.44344,28.056,22.02513333,19.30426667,36.47313333,22.3556,40.8734,23.1558,15.5762,,,,,,,,,,,,,,,,,,,,,,,,,,,,,,,,,,,,,,,,,,,,,,,,,,,,,,,,,,,,,,,,,,,,,,,,,,,,,,,,,,,,,,,,,,,,,,,,,,,,,,,,,
,,,,,,,,,,,,,2.37532,0.185733333,,0.475946667,3.079973333,0.004,0.109466733,0.224226667,0.239986667,0,,,9.051833333,27.70686667,21.49233333,18.75546667,36.03026667,21.90093333,40.36913333,22.676,15.11993333,,,,,,,,,,,,,,,,,,,,,,,,,,,,,,,,,,,,,,,,,,,,,,,,,,,,,,,,,,,,,,,,,,,,,,,,,,,,,,,,,,,,,,,,,,,,,,,,,,,,,,,,,
,,,,,,,,,,,,,2.067146667,0.186106667,,0.25596,2.744733333,0.004,0.0006,0.222813333,0.13876,0,,,8.6743,27.3484,20.96806667,18.22553333,35.5772,21.50573333,39.86733333,22.16966667,14.67726667,,,,,,,,,,,,,,,,,,,,,,,,,,,,,,,,,,,,,,,,,,,,,,,,,,,,,,,,,,,,,,,,,,,,,,,,,,,,,,,,,,,,,,,,,,,,,,,,,,,,,,,,,
,,,,,,,,,,,,,1.76948,0.185626667,,0.038906667,2.4102,0.004,0,0.219146667,0.08392,0,,,8.256733333,26.9496,20.45226667,17.75693333,35.1792,21.07933333,39.41753333,21.69653333,14.21553333,,,,,,,,,,,,,,,,,,,,,,,,,,,,,,,,,,,,,,,,,,,,,,,,,,,,,,,,,,,,,,,,,,,,,,,,,,,,,,,,,,,,,,,,,,,,,,,,,,,,,,,,,
,,,,,,,,,,,,,1.47392,0.184546667,,-0.002,2.07556,0.004,0,0.21952,0.060026667,0,,,7.89664,26.61813333,19.93273333,17.37146667,34.7798,20.60233333,38.9712,21.1852,13.75586667,,,,,,,,,,,,,,,,,,,,,,,,,,,,,,,,,,,,,,,,,,,,,,,,,,,,,,,,,,,,,,,,,,,,,,,,,,,,,,,,,,,,,,,,,,,,,,,,,,,,,,,,,
,,,,,,,,,,,,,1.18152,0.18432,,-0.002,1.79692,0.004,0,0.220453333,0.04884,0,,,7.518333333,26.31506667,19.347,16.93333333,34.362,20.16193333,38.50753333,20.67973333,13.28686667,,,,,,,,,,,,,,,,,,,,,,,,,,,,,,,,,,,,,,,,,,,,,,,,,,,,,,,,,,,,,,,,,,,,,,,,,,,,,,,,,,,,,,,,,,,,,,,,,,,,,,,,,
,,,,,,,,,,,,,0.887546667,0.182533333,,-0.002,1.478053333,0.004,0,0.220213333,0.056106667,0,,,7.147466667,25.95206667,18.7156,16.5268,34.00246667,19.76153333,38.07793333,20.20226667,12.85346667,,,,,,,,,,,,,,,,,,,,,,,,,,,,,,,,,,,,,,,,,,,,,,,,,,,,,,,,,,,,,,,,,,,,,,,,,,,,,,,,,,,,,,,,,,,,,,,,,,,,,,,,,
,,,,,,,,,,,,,0.610933333,0.18368,,-0.002,1.142706667,0.004,0,0.2284,0.061306667,0,,,6.743853333,25.60966667,18.15213333,16.14453333,33.61433333,19.36473333,37.69393333,19.72713333,12.43913333,,,,,,,,,,,,,,,,,,,,,,,,,,,,,,,,,,,,,,,,,,,,,,,,,,,,,,,,,,,,,,,,,,,,,,,,,,,,,,,,,,,,,,,,,,,,,,,,,,,,,,,,,
,,,,,,,,,,,,,0.330893333,0.18264,,-0.002,0.82684,0.004,0,0.226893333,0.058213333,0,,,6.37676,25.24913333,17.63953333,15.78313333,33.2616,18.92506667,37.342,19.25593333,11.99966667,,,,,,,,,,,,,,,,,,,,,,,,,,,,,,,,,,,,,,,,,,,,,,,,,,,,,,,,,,,,,,,,,,,,,,,,,,,,,,,,,,,,,,,,,,,,,,,,,,,,,,,,,
,,,,,,,,,,,,,0.076293333,0.18328,,-0.002,0.574226667,0.004,0,0.226466667,0.057786667,0,,,5.997953333,24.75086667,17.12853333,15.44786667,32.8844,18.5218,36.97393333,18.78146667,11.5834,,,,,,,,,,,,,,,,,,,,,,,,,,,,,,,,,,,,,,,,,,,,,,,,,,,,,,,,,,,,,,,,,,,,,,,,,,,,,,,,,,,,,,,,,,,,,,,,,,,,,,,,,
,,,,,,,,,,,,,0,0.184546667,,-0.002,0.33984,0.004,0,0.228,0.0592,0,,,5.67384,24.13393333,16.6122,15.1068,32.52086667,18.08866667,36.58213333,18.33793333,11.1384,,,,,,,,,,,,,,,,,,,,,,,,,,,,,,,,,,,,,,,,,,,,,,,,,,,,,,,,,,,,,,,,,,,,,,,,,,,,,,,,,,,,,,,,,,,,,,,,,,,,,,,,,
,,,,,,,,,,,,,0,0.190013333,,-0.002,0.101813333,0.004,0,0.221826667,0.053866667,0,,,5.33146,23.77686667,16.10306667,14.80126667,32.1866,17.715,36.27173333,17.8808,10.7164,,,,,,,,,,,,,,,,,,,,,,,,,,,,,,,,,,,,,,,,,,,,,,,,,,,,,,,,,,,,,,,,,,,,,,,,,,,,,,,,,,,,,,,,,,,,,,,,,,,,,,,,,
,,,,,,,,,,,,,0,0.189493333,,-0.002,0.002,0.004,0,0.221333333,0.042306667,0,,,4.997653333,23.47893333,15.561,14.444,31.8342,17.30593333,35.883,17.41473333,10.35266667,,,,,,,,,,,,,,,,,,,,,,,,,,,,,,,,,,,,,,,,,,,,,,,,,,,,,,,,,,,,,,,,,,,,,,,,,,,,,,,,,,,,,,,,,,,,,,,,,,,,,,,,,
,,,,,,,,,,,,,0,0.192586667,,-0.002,0.002,0.004,0,0.217866667,0.043773333,0,,,4.649926667,23.0966,15.0586,14.08113333,31.465,16.87193333,35.4834,16.9586,9.977986667,,,,,,,,,,,,,,,,,,,,,,,,,,,,,,,,,,,,,,,,,,,,,,,,,,,,,,,,,,,,,,,,,,,,,,,,,,,,,,,,,,,,,,,,,,,,,,,,,,,,,,,,,
,,,,,,,,,,,,,0,0.189053333,,-0.002,,0.004,0,0.22228,0.040186667,0,,,4.33408,22.72353333,14.61,13.72206667,31.07993333,16.443,35.1086,16.50393333,9.589173333,,,,,,,,,,,,,,,,,,,,,,,,,,,,,,,,,,,,,,,,,,,,,,,,,,,,,,,,,,,,,,,,,,,,,,,,,,,,,,,,,,,,,,,,,,,,,,,,,,,,,,,,,
,,,,,,,,,,,,,0,0.182706667,,-0.002,,0.004,0,0.22044,0.055,0,,,4.01116,22.31393333,14.106,13.3734,30.6924,16.03133333,34.7158,16.08293333,9.1954,,,,,,,,,,,,,,,,,,,,,,,,,,,,,,,,,,,,,,,,,,,,,,,,,,,,,,,,,,,,,,,,,,,,,,,,,,,,,,,,,,,,,,,,,,,,,,,,,,,,,,,,,
,,,,,,,,,,,,,0,0.180293333,,-0.002,,0.004,0,0.227226667,0.051293333,0,,,3.704273333,21.9476,13.5734,13.05113333,30.34673333,15.63626667,34.33633333,15.66426667,8.84128,,,,,,,,,,,,,,,,,,,,,,,,,,,,,,,,,,,,,,,,,,,,,,,,,,,,,,,,,,,,,,,,,,,,,,,,,,,,,,,,,,,,,,,,,,,,,,,,,,,,,,,,,
,,,,,,,,,,,,,0,0.184973333,,-0.002,,0.004,0,0.222786667,0.0496,0,,,3.405246667,21.58866667,13.0534,12.73246667,29.9928,15.25173333,33.9542,15.2362,8.484053333,,,,,,,,,,,,,,,,,,,,,,,,,,,,,,,,,,,,,,,,,,,,,,,,,,,,,,,,,,,,,,,,,,,,,,,,,,,,,,,,,,,,,,,,,,,,,,,,,,,,,,,,,
,,,,,,,,,,,,,0,0.185906667,,-0.002,,0.004,0,0.222933333,0.045933333,0,,,3.1157,21.22173333,12.59606667,12.3962,29.60926667,14.84446667,33.5412,14.81613333,8.1184,,,,,,,,,,,,,,,,,,,,,,,,,,,,,,,,,,,,,,,,,,,,,,,,,,,,,,,,,,,,,,,,,,,,,,,,,,,,,,,,,,,,,,,,,,,,,,,,,,,,,,,,,
,,,,,,,,,,,,,0,0.18552,,-0.002,,0.004,0,0.220466667,0.041946667,0,,,2.841426667,20.79053333,12.15586667,12.026,29.23646667,14.4076,33.1128,14.37886667,7.7586,,,,,,,,,,,,,,,,,,,,,,,,,,,,,,,,,,,,,,,,,,,,,,,,,,,,,,,,,,,,,,,,,,,,,,,,,,,,,,,,,,,,,,,,,,,,,,,,,,,,,,,,,
,,,,,,,,,,,,,0,0.184106667,,-0.002,,0.004,0,0.219253333,0.04076,0,,,2.572166667,20.426,11.70546667,11.69706667,28.87366667,14.0004,32.7216,13.96693333,7.40152,,,,,,,,,,,,,,,,,,,,,,,,,,,,,,,,,,,,,,,,,,,,,,,,,,,,,,,,,,,,,,,,,,,,,,,,,,,,,,,,,,,,,,,,,,,,,,,,,,,,,,,,,
,,,,,,,,,,,,,0,0.183626667,,-0.002,,0.004,0,0.218106667,0.043866667,0,,,2.320533333,19.99933333,11.22,11.3684,28.54606667,13.61753333,32.36166667,13.55933333,7.053666667,,,,,,,,,,,,,,,,,,,,,,,,,,,,,,,,,,,,,,,,,,,,,,,,,,,,,,,,,,,,,,,,,,,,,,,,,,,,,,,,,,,,,,,,,,,,,,,,,,,,,,,,,
,,,,,,,,,,,,,0,0.18396,,-0.002,,0.004,0,0.2162,0.039026667,0,,,2.08376,19.57253333,10.7242,11.03946667,28.23153333,13.2612,31.96186667,13.16153333,6.723053333,,,,,,,,,,,,,,,,,,,,,,,,,,,,,,,,,,,,,,,,,,,,,,,,,,,,,,,,,,,,,,,,,,,,,,,,,,,,,,,,,,,,,,,,,,,,,,,,,,,,,,,,,
,,,,,,,,,,,,,0,0.182706667,,-0.002,,0.004,0,0.221653333,0.03772,0,,,1.856086667,19.20153333,10.27973333,10.67026667,27.82893333,12.8764,31.5264,12.75386667,6.403706667,,,,,,,,,,,,,,,,,,,,,,,,,,,,,,,,,,,,,,,,,,,,,,,,,,,,,,,,,,,,,,,,,,,,,,,,,,,,,,,,,,,,,,,,,,,,,,,,,,,,,,,,,
,,,,,,,,,,,,,0,0.190373333,,-0.002,,0.004,0,0.219013333,0.04596,0,,,1.634646667,18.8316,9.80712,10.3332,27.4234,12.47153333,31.07226667,12.3644,6.08092,,,,,,,,,,,,,,,,,,,,,,,,,,,,,,,,,,,,,,,,,,,,,,,,,,,,,,,,,,,,,,,,,,,,,,,,,,,,,,,,,,,,,,,,,,,,,,,,,,,,,,,,,
,,,,,,,,,,,,,0,0.192786667,,-0.002,,0.004,0,0.225586667,0.05228,0,,,1.41988,18.46066667,9.272153333,9.988826667,27.07273333,12.08326667,30.67146667,11.97386667,5.7586,,,,,,,,,,,,,,,,,,,,,,,,,,,,,,,,,,,,,,,,,,,,,,,,,,,,,,,,,,,,,,,,,,,,,,,,,,,,,,,,,,,,,,,,,,,,,,,,,,,,,,,,,
,,,,,,,,,,,,,0,0.19624,,-0.002,,0.004,0,0.22508,0.051613333,0,,,1.223713333,18.09786667,8.733846667,9.674,26.75666667,11.72066667,30.29593333,11.58613333,5.44456,,,,,,,,,,,,,,,,,,,,,,,,,,,,,,,,,,,,,,,,,,,,,,,,,,,,,,,,,,,,,,,,,,,,,,,,,,,,,,,,,,,,,,,,,,,,,,,,,,,,,,,,,
,,,,,,,,,,,,,0,0.197933333,,-0.002,,0.004,0,0.21952,0.05284,0,,,1.035448667,17.76693333,8.245686667,9.349693333,26.44773333,11.34106667,29.89026667,11.20326667,5.137413333,,,,,,,,,,,,,,,,,,,,,,,,,,,,,,,,,,,,,,,,,,,,,,,,,,,,,,,,,,,,,,,,,,,,,,,,,,,,,,,,,,,,,,,,,,,,,,,,,,,,,,,,,
,,,,,,,,,,,,,0,0.197293333,,-0.002,,0.004,0,0.218186667,0.04728,0,,,0.840755333,17.39373333,7.811553333,9.024413333,26.07906667,10.95746667,29.48806667,10.81653333,4.838693333,,,,,,,,,,,,,,,,,,,,,,,,,,,,,,,,,,,,,,,,,,,,,,,,,,,,,,,,,,,,,,,,,,,,,,,,,,,,,,,,,,,,,,,,,,,,,,,,,,,,,,,,,
,,,,,,,,,,,,,0,0.197293333,,-0.002,,0.004,0,0.21412,0.039946667,0,,,0.674377333,16.98573333,7.36238,8.70288,25.72246667,10.55853333,29.05873333,10.43166667,4.536413333,,,,,,,,,,,,,,,,,,,,,,,,,,,,,,,,,,,,,,,,,,,,,,,,,,,,,,,,,,,,,,,,,,,,,,,,,,,,,,,,,,,,,,,,,,,,,,,,,,,,,,,,,
,,,,,,,,,,,,,0,0.19676,,-0.002,,0.004,0,0.212626667,0.036506667,0,,,0.516334,16.59893333,6.86562,8.390453333,25.3842,10.18506667,28.6498,10.06708,4.262386667,,,,,,,,,,,,,,,,,,,,,,,,,,,,,,,,,,,,,,,,,,,,,,,,,,,,,,,,,,,,,,,,,,,,,,,,,,,,,,,,,,,,,,,,,,,,,,,,,,,,,,,,,
,,,,,,,,,,,,,0,0.194693333,,-0.002,,0.004,0,0.218346667,0.041266667,0,,,0.364556667,16.20666667,6.409953333,8.08952,25.09233333,9.838813333,28.265,9.715493333,3.984906667,,,,,,,,,,,,,,,,,,,,,,,,,,,,,,,,,,,,,,,,,,,,,,,,,,,,,,,,,,,,,,,,,,,,,,,,,,,,,,,,,,,,,,,,,,,,,,,,,,,,,,,,,
,,,,,,,,,,,,,0,0.19176,,-0.002,,0.004,0,0.220266667,0.04324,0,,,0.229666667,15.89073333,5.999433333,7.800906667,24.794,9.503466667,27.8976,9.357013333,3.702373333,,,,,,,,,,,,,,,,,,,,,,,,,,,,,,,,,,,,,,,,,,,,,,,,,,,,,,,,,,,,,,,,,,,,,,,,,,,,,,,,,,,,,,,,,,,,,,,,,,,,,,,,,
,,,,,,,,,,,,,0,0.193226667,,-0.002,,0.004,0,0.220373333,0.047453333,0,,,0.119623067,15.53013333,5.606713333,7.5022,24.46086667,9.177533333,27.49886667,9.007426667,3.444266667,,,,,,,,,,,,,,,,,,,,,,,,,,,,,,,,,,,,,,,,,,,,,,,,,,,,,,,,,,,,,,,,,,,,,,,,,,,,,,,,,,,,,,,,,,,,,,,,,,,,,,,,,
,,,,,,,,,,,,,0,0.193866667,,-0.002,,0.004,0,0.22132,0.04528,0,,,0.023444447,15.186,5.18356,7.219653333,24.11226667,8.843626667,27.1268,8.653866667,3.179546667,,,,,,,,,,,,,,,,,,,,,,,,,,,,,,,,,,,,,,,,,,,,,,,,,,,,,,,,,,,,,,,,,,,,,,,,,,,,,,,,,,,,,,,,,,,,,,,,,,,,,,,,,
,,,,,,,,,,,,,0,0.1932,,-0.002,,0.004,0,0.216226667,0.0402,0,,,0,14.78426667,4.71524,6.93664,23.80986667,8.485546667,26.76833333,8.302906667,2.928386667,,,,,,,,,,,,,,,,,,,,,,,,,,,,,,,,,,,,,,,,,,,,,,,,,,,,,,,,,,,,,,,,,,,,,,,,,,,,,,,,,,,,,,,,,,,,,,,,,,,,,,,,,
,,,,,,,,,,,,,0,0.190693333,,-0.002,,0.004,0,0.218933333,0.043186667,0,,,0,14.47673333,4.264286667,6.64836,23.53033333,8.1412,26.3214,7.94848,2.686853333,,,,,,,,,,,,,,,,,,,,,,,,,,,,,,,,,,,,,,,,,,,,,,,,,,,,,,,,,,,,,,,,,,,,,,,,,,,,,,,,,,,,,,,,,,,,,,,,,,,,,,,,,
,,,,,,,,,,,,,0,0.18888,,-0.002,,0.004,0,0.221,0.044933333,0,,,0,14.13486667,3.8624,6.369853333,23.18746667,7.834013333,25.9458,7.622866667,2.443053333,,,,,,,,,,,,,,,,,,,,,,,,,,,,,,,,,,,,,,,,,,,,,,,,,,,,,,,,,,,,,,,,,,,,,,,,,,,,,,,,,,,,,,,,,,,,,,,,,,,,,,,,,
,,,,,,,,,,,,,0,0.1908,,-0.002,,0.004,0,0.229986667,0.053853333,0,,,0,13.76586667,3.523993333,6.098266667,22.8706,7.537173333,25.56853333,7.29028,2.200533333,,,,,,,,,,,,,,,,,,,,,,,,,,,,,,,,,,,,,,,,,,,,,,,,,,,,,,,,,,,,,,,,,,,,,,,,,,,,,,,,,,,,,,,,,,,,,,,,,,,,,,,,,
,,,,,,,,,,,,,0,0.189306667,,-0.002,,0.004,0,0.225533333,0.049973333,0,,,0,13.3704,3.180906667,5.827573333,22.56286667,7.23484,25.18346667,6.954266667,1.974053333,,,,,,,,,,,,,,,,,,,,,,,,,,,,,,,,,,,,,,,,,,,,,,,,,,,,,,,,,,,,,,,,,,,,,,,,,,,,,,,,,,,,,,,,,,,,,,,,,,,,,,,,,
,,,,,,,,,,,,,0,0.1906,,-0.002,,0.004,0,0.220106667,0.051133333,0,,,0,13.07046667,2.805886667,5.552986667,22.21826667,6.922186667,24.76106667,6.614773333,1.752893333,,,,,,,,,,,,,,,,,,,,,,,,,,,,,,,,,,,,,,,,,,,,,,,,,,,,,,,,,,,,,,,,,,,,,,,,,,,,,,,,,,,,,,,,,,,,,,,,,,,,,,,,,
,,,,,,,,,,,,,0,0.190333333,,-0.002,,0.004,0,0.218826667,0.041453333,0,,,0,12.75146667,2.438566667,5.293013333,21.7796,6.618413333,24.35606667,6.29312,1.547546667,,,,,,,,,,,,,,,,,,,,,,,,,,,,,,,,,,,,,,,,,,,,,,,,,,,,,,,,,,,,,,,,,,,,,,,,,,,,,,,,,,,,,,,,,,,,,,,,,,,,,,,,,
,,,,,,,,,,,,,0,0.19184,,-0.002,,0.004,0,0.222733333,0.043026667,0,,,0,12.4106,2.127986667,5.040413333,21.53073333,6.31276,23.9878,5.97896,1.34388,,,,,,,,,,,,,,,,,,,,,,,,,,,,,,,,,,,,,,,,,,,,,,,,,,,,,,,,,,,,,,,,,,,,,,,,,,,,,,,,,,,,,,,,,,,,,,,,,,,,,,,,,
,,,,,,,,,,,,,0,0.19508,,-0.002,,0.004,0,0.221786667,0.040986667,0,,,0,12.07713333,1.803306667,4.795893333,21.27933333,5.991826667,23.6344,5.678773333,1.147226667,,,,,,,,,,,,,,,,,,,,,,,,,,,,,,,,,,,,,,,,,,,,,,,,,,,,,,,,,,,,,,,,,,,,,,,,,,,,,,,,,,,,,,,,,,,,,,,,,,,,,,,,,
,,,,,,,,,,,,,0,0.19472,,-0.002,,0.004,0,0.22824,0.054946667,0,,,0,11.7474,1.434206667,4.563533333,20.99873333,5.603773333,23.2684,5.374093333,0.956426667,,,,,,,,,,,,,,,,,,,,,,,,,,,,,,,,,,,,,,,,,,,,,,,,,,,,,,,,,,,,,,,,,,,,,,,,,,,,,,,,,,,,,,,,,,,,,,,,,,,,,,,,,
,,,,,,,,,,,,,0,0.199826667,,-0.002,,0.004,0,0.227626667,0.053746667,0,,,0,11.4536,1.054064,4.3166,20.6946,5.2384,22.8642,5.068493333,0.76404,,,,,,,,,,,,,,,,,,,,,,,,,,,,,,,,,,,,,,,,,,,,,,,,,,,,,,,,,,,,,,,,,,,,,,,,,,,,,,,,,,,,,,,,,,,,,,,,,,,,,,,,,
,,,,,,,,,,,,,0,0.19944,,-0.002,,0.004,0,0.22428,0.052706667,0,,,0,11.14173333,0.676222,4.095946667,20.40126667,4.897946667,22.3438,4.76992,0.58236,,,,,,,,,,,,,,,,,,,,,,,,,,,,,,,,,,,,,,,,,,,,,,,,,,,,,,,,,,,,,,,,,,,,,,,,,,,,,,,,,,,,,,,,,,,,,,,,,,,,,,,,,
,,,,,,,,,,,,,0,0.20052,,-0.002,,0.004,0,0.22288,0.046173333,0,,,0,10.85113333,0.332644667,3.85988,20.14686667,4.539733333,21.8806,4.48576,0.425253333,,,,,,,,,,,,,,,,,,,,,,,,,,,,,,,,,,,,,,,,,,,,,,,,,,,,,,,,,,,,,,,,,,,,,,,,,,,,,,,,,,,,,,,,,,,,,,,,,,,,,,,,,
,,,,,,,,,,,,,0,0.203666667,,-0.002,,0.004,0,0.22488,0.046053333,0,,,0,10.5276,0.057711267,3.642626667,19.89873333,4.195213333,21.50113333,4.19976,0.272773333,,,,,,,,,,,,,,,,,,,,,,,,,,,,,,,,,,,,,,,,,,,,,,,,,,,,,,,,,,,,,,,,,,,,,,,,,,,,,,,,,,,,,,,,,,,,,,,,,,,,,,,,,
,,,,,,,,,,,,,0,0.207746667,,-0.002,,0.004,0,0.232933333,0.05424,0,,,0,10.18893333,0,3.430013333,19.53946667,3.86192,21.11773333,3.926666667,0.126053333,,,,,,,,,,,,,,,,,,,,,,,,,,,,,,,,,,,,,,,,,,,,,,,,,,,,,,,,,,,,,,,,,,,,,,,,,,,,,,,,,,,,,,,,,,,,,,,,,,,,,,,,,
,,,,,,,,,,,,,0,0.20736,,-0.002,,0.004,0,0.222946667,0.0532,0,,,0,9.859113333,0,3.193413333,19.25466667,3.55504,20.64366667,3.651746667,0.013493333,,,,,,,,,,,,,,,,,,,,,,,,,,,,,,,,,,,,,,,,,,,,,,,,,,,,,,,,,,,,,,,,,,,,,,,,,,,,,,,,,,,,,,,,,,,,,,,,,,,,,,,,,
,,,,,,,,,,,,,0,0.20616,,-0.002,,0.004,0,0.22548,0.0454,0,,,0,9.530926667,0,2.861013333,18.9042,3.27112,20.2046,3.388106667,0,,,,,,,,,,,,,,,,,,,,,,,,,,,,,,,,,,,,,,,,,,,,,,,,,,,,,,,,,,,,,,,,,,,,,,,,,,,,,,,,,,,,,,,,,,,,,,,,,,,,,,,,,
,,,,,,,,,,,,,0,0.205,,-0.002,,0.004,0,0.22372,0.041813333,0,,,0,9.21658,0,2.565893333,18.55553333,2.99648,19.73666667,3.13388,0,,,,,,,,,,,,,,,,,,,,,,,,,,,,,,,,,,,,,,,,,,,,,,,,,,,,,,,,,,,,,,,,,,,,,,,,,,,,,,,,,,,,,,,,,,,,,,,,,,,,,,,,,
,,,,,,,,,,,,,0,0.204506667,,-0.002,,0.004,0,0.225986667,0.042626667,0,,,0,8.96736,0,2.27328,18.24486667,2.713133333,19.32213333,2.879666667,0,,,,,,,,,,,,,,,,,,,,,,,,,,,,,,,,,,,,,,,,,,,,,,,,,,,,,,,,,,,,,,,,,,,,,,,,,,,,,,,,,,,,,,,,,,,,,,,,,,,,,,,,,
,,,,,,,,,,,,,0,0.20304,,-0.002,,0.004,0,0.229786667,0.05324,0,,,0,8.718533333,0,1.97844,17.9638,2.44992,18.9754,2.63656,0,,,,,,,,,,,,,,,,,,,,,,,,,,,,,,,,,,,,,,,,,,,,,,,,,,,,,,,,,,,,,,,,,,,,,,,,,,,,,,,,,,,,,,,,,,,,,,,,,,,,,,,,,
,,,,,,,,,,,,,0,0.20264,,-0.002,,0.004,0,0.227533333,0.052306667,0,,,0,8.46754,0,1.712786667,17.70666667,2.21528,18.64246667,2.4144,,,,,,,,,,,,,,,,,,,,,,,,,,,,,,,,,,,,,,,,,,,,,,,,,,,,,,,,,,,,,,,,,,,,,,,,,,,,,,,,,,,,,,,,,,,,,,,,,,,,,,,,,,
,,,,,,,,,,,,,0,0.198866667,,-0.002,,0.004,0,0.228626667,0.053066667,0,,,0,8.220173333,0,1.46724,17.44306667,1.980466667,18.24033333,2.179893333,,,,,,,,,,,,,,,,,,,,,,,,,,,,,,,,,,,,,,,,,,,,,,,,,,,,,,,,,,,,,,,,,,,,,,,,,,,,,,,,,,,,,,,,,,,,,,,,,,,,,,,,,,
,,,,,,,,,,,,,0,0.198106667,,-0.002,,0.004,0,0.227506667,0.053546667,0,,,0,7.94898,0,1.229413333,17.15493333,1.756746667,17.8708,1.95588,,,,,,,,,,,,,,,,,,,,,,,,,,,,,,,,,,,,,,,,,,,,,,,,,,,,,,,,,,,,,,,,,,,,,,,,,,,,,,,,,,,,,,,,,,,,,,,,,,,,,,,,,,
,,,,,,,,,,,,,0,0.199186667,,-0.002,,0,0,0.226146667,0.045813333,0,,,0,7.660046667,0,1.004346667,16.86466667,1.531986667,17.4576,1.73928,,,,,,,,,,,,,,,,,,,,,,,,,,,,,,,,,,,,,,,,,,,,,,,,,,,,,,,,,,,,,,,,,,,,,,,,,,,,,,,,,,,,,,,,,,,,,,,,,,,,,,,,,,
,,,,,,,,,,,,,0,0.196946667,,-0.002,,,0,0.227333333,0.04772,0,,,0,7.391566667,0,0.802653333,16.59093333,1.32104,17.09946667,1.54668,,,,,,,,,,,,,,,,,,,,,,,,,,,,,,,,,,,,,,,,,,,,,,,,,,,,,,,,,,,,,,,,,,,,,,,,,,,,,,,,,,,,,,,,,,,,,,,,,,,,,,,,,,
,,,,,,,,,,,,,0,0.199173333,,-0.002,,,0,0.222173333,0.045426667,0,,,0,7.115133333,0,0.583453333,16.35086667,1.10768,16.77846667,1.356413333,,,,,,,,,,,,,,,,,,,,,,,,,,,,,,,,,,,,,,,,,,,,,,,,,,,,,,,,,,,,,,,,,,,,,,,,,,,,,,,,,,,,,,,,,,,,,,,,,,,,,,,,,,
,,,,,,,,,,,,,0,0.199146667,,-0.002,,,0,0.224706667,0.048546667,0,,,0,6.84514,0,0.38576,16.1102,0.909786667,16.46026667,1.185453333,,,,,,,,,,,,,,,,,,,,,,,,,,,,,,,,,,,,,,,,,,,,,,,,,,,,,,,,,,,,,,,,,,,,,,,,,,,,,,,,,,,,,,,,,,,,,,,,,,,,,,,,,,
,,,,,,,,,,,,,0,0.19664,,,,,0,0.225033333,0.0425,0,,,0,6.600883333,,0.21008,15.869,0.701666667,16.1078,1.031613333,,,,,,,,,,,,,,,,,,,,,,,,,,,,,,,,,,,,,,,,,,,,,,,,,,,,,,,,,,,,,,,,,,,,,,,,,,,,,,,,,,,,,,,,,,,,,,,,,,,,,,,,,,
,,,,,,,,,,,,,0,0.19636,,,,,,0,0,0,,,,,,0.056013333,15.611,0.523733333,15.75853333,0.88532,,,,,,,,,,,,,,,,,,,,,,,,,,,,,,,,,,,,,,,,,,,,,,,,,,,,,,,,,,,,,,,,,,,,,,,,,,,,,,,,,,,,,,,,,,,,,,,,,,,,,,,,,,
,,,,,,,,,,,,,0,0.200906667,,,,,,,,0,,,,,,,15.3984,0.374213333,15.4914,0.739653333,,,,,,,,,,,,,,,,,,,,,,,,,,,,,,,,,,,,,,,,,,,,,,,,,,,,,,,,,,,,,,,,,,,,,,,,,,,,,,,,,,,,,,,,,,,,,,,,,,,,,,,,,,
,,,,,,,,,,,,,0,0.20004,,,,,,,,0,,,,,,,15.1948,0.2658,15.2188,0.601706667,,,,,,,,,,,,,,,,,,,,,,,,,,,,,,,,,,,,,,,,,,,,,,,,,,,,,,,,,,,,,,,,,,,,,,,,,,,,,,,,,,,,,,,,,,,,,,,,,,,,,,,,,,
,,,,,,,,,,,,,0,0.20412,,,,,,,,0,,,,,,,15.0002,0.219466667,14.9236,0.48016,,,,,,,,,,,,,,,,,,,,,,,,,,,,,,,,,,,,,,,,,,,,,,,,,,,,,,,,,,,,,,,,,,,,,,,,,,,,,,,,,,,,,,,,,,,,,,,,,,,,,,,,,,
,,,,,,,,,,,,,0,0.204293333,,,,,,,,0,,,,,,,14.789,0.205693333,14.63033333,0.3636,,,,,,,,,,,,,,,,,,,,,,,,,,,,,,,,,,,,,,,,,,,,,,,,,,,,,,,,,,,,,,,,,,,,,,,,,,,,,,,,,,,,,,,,,,,,,,,,,,,,,,,,,,
,,,,,,,,,,,,,0,0.201293333,,,,,,,,0,,,,,,,14.56833333,0.212506667,14.34706667,0.253933333,,,,,,,,,,,,,,,,,,,,,,,,,,,,,,,,,,,,,,,,,,,,,,,,,,,,,,,,,,,,,,,,,,,,,,,,,,,,,,,,,,,,,,,,,,,,,,,,,,,,,,,,,,
,,,,,,,,,,,,,0,0.19716,,,,,,,,,,,,,,,14.3914,0.2206,14.08773333,0.154653333,,,,,,,,,,,,,,,,,,,,,,,,,,,,,,,,,,,,,,,,,,,,,,,,,,,,,,,,,,,,,,,,,,,,,,,,,,,,,,,,,,,,,,,,,,,,,,,,,,,,,,,,,,
,,,,,,,,,,,,,0,,,,,,,,,,,,,,,,14.1848,0.215733333,13.79346667,0.066626667,,,,,,,,,,,,,,,,,,,,,,,,,,,,,,,,,,,,,,,,,,,,,,,,,,,,,,,,,,,,,,,,,,,,,,,,,,,,,,,,,,,,,,,,,,,,,,,,,,,,,,,,,,
,,,,,,,,,,,,,0,,,,,,,,,,,,,,,,13.96973333,0.215853333,13.50466667,0.003946667,,,,,,,,,,,,,,,,,,,,,,,,,,,,,,,,,,,,,,,,,,,,,,,,,,,,,,,,,,,,,,,,,,,,,,,,,,,,,,,,,,,,,,,,,,,,,,,,,,,,,,,,,,
,,,,,,,,,,,,,0,,,,,,,,,,,,,,,,13.7702,0.2184,13.23606667,0.0006,,,,,,,,,,,,,,,,,,,,,,,,,,,,,,,,,,,,,,,,,,,,,,,,,,,,,,,,,,,,,,,,,,,,,,,,,,,,,,,,,,,,,,,,,,,,,,,,,,,,,,,,,,
,,,,,,,,,,,,,,,,,,,,,,,,,,,,,13.5744,0.2146,12.9686,,,,,,,,,,,,,,,,,,,,,,,,,,,,,,,,,,,,,,,,,,,,,,,,,,,,,,,,,,,,,,,,,,,,,,,,,,,,,,,,,,,,,,,,,,,,,,,,,,,,,,,,,,,
,,,,,,,,,,,,,,,,,,,,,,,,,,,,,13.3786,0.219933333,12.67746667,,,,,,,,,,,,,,,,,,,,,,,,,,,,,,,,,,,,,,,,,,,,,,,,,,,,,,,,,,,,,,,,,,,,,,,,,,,,,,,,,,,,,,,,,,,,,,,,,,,,,,,,,,,
,,,,,,,,,,,,,,,,,,,,,,,,,,,,,13.1948,0.227626667,12.40366667,,,,,,,,,,,,,,,,,,,,,,,,,,,,,,,,,,,,,,,,,,,,,,,,,,,,,,,,,,,,,,,,,,,,,,,,,,,,,,,,,,,,,,,,,,,,,,,,,,,,,,,,,,,
,,,,,,,,,,,,,,,,,,,,,,,,,,,,,12.99486667,0.222346667,12.1262,,,,,,,,,,,,,,,,,,,,,,,,,,,,,,,,,,,,,,,,,,,,,,,,,,,,,,,,,,,,,,,,,,,,,,,,,,,,,,,,,,,,,,,,,,,,,,,,,,,,,,,,,,,
,,,,,,,,,,,,,,,,,,,,,,,,,,,,,12.78986667,0.219173333,11.80913333,,,,,,,,,,,,,,,,,,,,,,,,,,,,,,,,,,,,,,,,,,,,,,,,,,,,,,,,,,,,,,,,,,,,,,,,,,,,,,,,,,,,,,,,,,,,,,,,,,,,,,,,,,,
,,,,,,,,,,,,,,,,,,,,,,,,,,,,,12.56973333,0.230933333,11.49366667,,,,,,,,,,,,,,,,,,,,,,,,,,,,,,,,,,,,,,,,,,,,,,,,,,,,,,,,,,,,,,,,,,,,,,,,,,,,,,,,,,,,,,,,,,,,,,,,,,,,,,,,,,,
,,,,,,,,,,,,,,,,,,,,,,,,,,,,,12.3486,0.238946667,11.18233333,,,,,,,,,,,,,,,,,,,,,,,,,,,,,,,,,,,,,,,,,,,,,,,,,,,,,,,,,,,,,,,,,,,,,,,,,,,,,,,,,,,,,,,,,,,,,,,,,,,,,,,,,,,
,,,,,,,,,,,,,,,,,,,,,,,,,,,,,12.08493333,0.246053333,10.8654,,,,,,,,,,,,,,,,,,,,,,,,,,,,,,,,,,,,,,,,,,,,,,,,,,,,,,,,,,,,,,,,,,,,,,,,,,,,,,,,,,,,,,,,,,,,,,,,,,,,,,,,,,,
,,,,,,,,,,,,,,,,,,,,,,,,,,,,,11.81373333,0.24904,10.57166667,,,,,,,,,,,,,,,,,,,,,,,,,,,,,,,,,,,,,,,,,,,,,,,,,,,,,,,,,,,,,,,,,,,,,,,,,,,,,,,,,,,,,,,,,,,,,,,,,,,,,,,,,,,
,,,,,,,,,,,,,,,,,,,,,,,,,,,,,11.548,0.248493333,10.30333333,,,,,,,,,,,,,,,,,,,,,,,,,,,,,,,,,,,,,,,,,,,,,,,,,,,,,,,,,,,,,,,,,,,,,,,,,,,,,,,,,,,,,,,,,,,,,,,,,,,,,,,,,,,
,,,,,,,,,,,,,,,,,,,,,,,,,,,,,11.299,0.248026667,10.01573333,,,,,,,,,,,,,,,,,,,,,,,,,,,,,,,,,,,,,,,,,,,,,,,,,,,,,,,,,,,,,,,,,,,,,,,,,,,,,,,,,,,,,,,,,,,,,,,,,,,,,,,,,,,
,,,,,,,,,,,,,,,,,,,,,,,,,,,,,11.03633333,0.245133333,9.72964,,,,,,,,,,,,,,,,,,,,,,,,,,,,,,,,,,,,,,,,,,,,,,,,,,,,,,,,,,,,,,,,,,,,,,,,,,,,,,,,,,,,,,,,,,,,,,,,,,,,,,,,,,,
,,,,,,,,,,,,,,,,,,,,,,,,,,,,,10.78726667,0.250333333,9.416573333,,,,,,,,,,,,,,,,,,,,,,,,,,,,,,,,,,,,,,,,,,,,,,,,,,,,,,,,,,,,,,,,,,,,,,,,,,,,,,,,,,,,,,,,,,,,,,,,,,,,,,,,,,,
,,,,,,,,,,,,,,,,,,,,,,,,,,,,,10.54773333,0.24674,9.120586667,,,,,,,,,,,,,,,,,,,,,,,,,,,,,,,,,,,,,,,,,,,,,,,,,,,,,,,,,,,,,,,,,,,,,,,,,,,,,,,,,,,,,,,,,,,,,,,,,,,,,,,,,,,
,,,,,,,,,,,,,,,,,,,,,,,,,,,,,10.29093333,,8.832,,,,,,,,,,,,,,,,,,,,,,,,,,,,,,,,,,,,,,,,,,,,,,,,,,,,,,,,,,,,,,,,,,,,,,,,,,,,,,,,,,,,,,,,,,,,,,,,,,,,,,,,,,,
,,,,,,,,,,,,,,,,,,,,,,,,,,,,,10.04934667,,8.546026667,,,,,,,,,,,,,,,,,,,,,,,,,,,,,,,,,,,,,,,,,,,,,,,,,,,,,,,,,,,,,,,,,,,,,,,,,,,,,,,,,,,,,,,,,,,,,,,,,,,,,,,,,,,
,,,,,,,,,,,,,,,,,,,,,,,,,,,,,9.78852,,8.226666667,,,,,,,,,,,,,,,,,,,,,,,,,,,,,,,,,,,,,,,,,,,,,,,,,,,,,,,,,,,,,,,,,,,,,,,,,,,,,,,,,,,,,,,,,,,,,,,,,,,,,,,,,,,
,,,,,,,,,,,,,,,,,,,,,,,,,,,,,9.534933333,,7.893026667,,,,,,,,,,,,,,,,,,,,,,,,,,,,,,,,,,,,,,,,,,,,,,,,,,,,,,,,,,,,,,,,,,,,,,,,,,,,,,,,,,,,,,,,,,,,,,,,,,,,,,,,,,,
,,,,,,,,,,,,,,,,,,,,,,,,,,,,,9.26568,,7.5548,,,,,,,,,,,,,,,,,,,,,,,,,,,,,,,,,,,,,,,,,,,,,,,,,,,,,,,,,,,,,,,,,,,,,,,,,,,,,,,,,,,,,,,,,,,,,,,,,,,,,,,,,,,
,,,,,,,,,,,,,,,,,,,,,,,,,,,,,9.014466667,,7.237626667,,,,,,,,,,,,,,,,,,,,,,,,,,,,,,,,,,,,,,,,,,,,,,,,,,,,,,,,,,,,,,,,,,,,,,,,,,,,,,,,,,,,,,,,,,,,,,,,,,,,,,,,,,,
,,,,,,,,,,,,,,,,,,,,,,,,,,,,,8.767146667,,6.897226667,,,,,,,,,,,,,,,,,,,,,,,,,,,,,,,,,,,,,,,,,,,,,,,,,,,,,,,,,,,,,,,,,,,,,,,,,,,,,,,,,,,,,,,,,,,,,,,,,,,,,,,,,,,
,,,,,,,,,,,,,,,,,,,,,,,,,,,,,8.535893333,,6.5634,,,,,,,,,,,,,,,,,,,,,,,,,,,,,,,,,,,,,,,,,,,,,,,,,,,,,,,,,,,,,,,,,,,,,,,,,,,,,,,,,,,,,,,,,,,,,,,,,,,,,,,,,,,
,,,,,,,,,,,,,,,,,,,,,,,,,,,,,8.326346667,,6.251,,,,,,,,,,,,,,,,,,,,,,,,,,,,,,,,,,,,,,,,,,,,,,,,,,,,,,,,,,,,,,,,,,,,,,,,,,,,,,,,,,,,,,,,,,,,,,,,,,,,,,,,,,,
,,,,,,,,,,,,,,,,,,,,,,,,,,,,,8.097333333,,5.907213333,,,,,,,,,,,,,,,,,,,,,,,,,,,,,,,,,,,,,,,,,,,,,,,,,,,,,,,,,,,,,,,,,,,,,,,,,,,,,,,,,,,,,,,,,,,,,,,,,,,,,,,,,,,
,,,,,,,,,,,,,,,,,,,,,,,,,,,,,7.93086,,5.67142,,,,,,,,,,,,,,,,,,,,,,,,,,,,,,,,,,,,,,,,,,,,,,,,,,,,,,,,,,,,,,,,,,,,,,,,,,,,,,,,,,,,,,,,,,,,,,,,,,,,,,,,,,,